354968	-0.106618
917084	0.1155
917152	0.119276
948423	-0.0951493
948507	-0.121114
2558137	-0.162357
2558159	-0.147515
2558202	-0.129718
2571635	-0.128806
2829328	-0.0835437
3176043	0.126016
3312986	0.179702
3313080	0.092723
3344356	0.171117
3344358	0.169439
3344389	0.144884
4394787	-0.314815
4394791	-0.327312
5773831	-0.0791771
5773853	-0.0752972
5773867	-0.0695771
5825180	-0.103344
5909208	-0.0995748
5934880	-0.0931373
6203166	-0.147059
6230806	-0.0165746
6258485	0.140035
6310218	0.134055
6360490	0.143287
6908593	-0.112186
7676154	0.0653105
7846914	0.1
7848070	0.00229885
7848433	0.0922228
7971596	0.102833
8414837	0.133475
9137215	0.119423
9423045	-0.138054
10078005	-0.107662
10078015	-0.116927
10218457	0.121942
10251960	0.0817544
10595927	-0.1187
10596004	-0.139828
10770201	0.128809
10845742	0.0907612
11212154	-0.13027
11212176	-0.13622
11357902	-0.082263
11492995	0.126471
11493060	0.12139
11519938	0.104468
12190195	-0.150808
12219115	-0.134727
12249177	-0.139379
12283919	-0.105919
12353664	-0.0934627
12438134	-0.0809167
12547675	0.0840909
12547749	0.0909646
12573719	0.0566584
12599355	0.0922528
12599391	0.135507
12612867	0.121622
12810099	-0.0996016
13114552	-0.145833
13307766	-0.0756972
13358440	-0.122235
13431493	-0.185348
13431497	-0.182243
13639738	-0.160112
13837532	-0.134511
13899098	-0.125747
13959443	0.0975877
13959533	0.126938
13989274	0.0913497
14257204	0.137838
14322106	-0.079763
14432750	-0.157299
14450929	-0.123886
14576060	0.0825826
14726751	0.118841
14838283	0.120991
14838338	0.11743
14863033	-0.155424
14921101	0.102778
14963095	-0.125504
14995536	0.126271
15037288	0.122388
15064251	0.130192
15099031	0.133658
15192414	-0.169852
15351882	0.133333
15395459	-0.157143
15782981	-0.159619
15783032	-0.131579
15806711	-0.140379
15853555	-0.122869
15883259	-0.028103
18410565	-0.181159
20650554	-0.137823
20770199	-0.125943
20822408	0.16748
20919955	0.152985
20936047	0.135111
20936083	0.129609
20970030	-0.14277
20970104	-0.128451
21106470	0.0837004
21381361	0.116482
21670437	-0.0431805
22408702	-0.14867
22453238	-0.143533
22653839	-0.321429
22743028	-0.102381
30646772	-0.108627
31181757	0.0693023
31226467	0.0460526
31376356	0.0308848
31376420	0.0234899
31376984	0.0266297
34236812	-0.00673401
35170312	0.00371058
36077954	-0.00651341
37542123	0.00214592
42314074	0.0956558
42550234	0.00491803
50109578	-0.130202
50743840	0.0704225
50743846	0.070417
51632443	0.134817
53996272	0.15645
54627671	-0.143271
55509832	0.150584
56351075	0.202811
57054187	-0.13357
61510491	0.148285
62804736	0.156838
65717752	0.172582
67340357	0.149472
71563422	-0.124098
71563457	-0.11418
72180132	0.104554
73135180	0.0142332
76698364	-0.0556553
77576652	0.129874
77576707	0.0706714
78488157	-0.114437
78488213	-0.149662
