gene	reportMissense	reportNonsense	reportSplice	reportDeletion	reportHetDeletion	hetDeletionThreshold	reportLoh	reportDisruption	reportAmplification	amplificationRatio	reportSomaticHotspot	likelihoodType	reportGermlineVariant	reportGermlineHotspot	reportGermlineDisruption	reportGermlineDeletion	reportGermlineAmplification	additionalReportedTranscripts	reportPGX	reportHighExpression	reportNovelSpliceJunction
ERG	TRUE	FALSE	FALSE	FALSE	FALSE	0.6	FALSE	FALSE	TRUE	3	TRUE	ONCO	NONE	NONE	NONE	NONE	FALSE		FALSE	TRUE	FALSE
RUNX1	TRUE	TRUE	TRUE	TRUE	FALSE	0.6	FALSE	TRUE	FALSE	3	TRUE	TSG	NONE	NONE	NONE	NONE	FALSE		FALSE	FALSE	FALSE
U2AF1	TRUE	FALSE	FALSE	FALSE	FALSE	0.6	FALSE	FALSE	TRUE	3	TRUE	ONCO	NONE	NONE	NONE	NONE	FALSE		FALSE	TRUE	FALSE
BTG1	TRUE	TRUE	TRUE	TRUE	FALSE	0.6	FALSE	TRUE	FALSE	3	TRUE	TSG	NONE	NONE			FALSE		FALSE	FALSE	FALSE
CDKN1B	TRUE	TRUE	TRUE	TRUE	FALSE	0.6	FALSE	TRUE	FALSE	3	TRUE	TSG	NONE	NONE	NONE	NONE	FALSE		FALSE	FALSE	FALSE
ETNK1	TRUE	TRUE	TRUE	TRUE	FALSE	0.6	FALSE	TRUE	FALSE	3	TRUE	TSG	NONE	NONE	NONE	NONE	FALSE		FALSE	FALSE	FALSE
ETV6	TRUE	TRUE	TRUE	TRUE	FALSE	0.6	FALSE	TRUE	FALSE	3	TRUE	TSG	NONE	NONE			FALSE		FALSE	FALSE	FALSE
KRAS	TRUE	FALSE	FALSE	FALSE	FALSE	0.6	FALSE	FALSE	TRUE	3	TRUE	ONCO	VARIANT_NOT_LOST	VARIANT_NOT_LOST	NONE	NONE	FALSE		FALSE	TRUE	FALSE
NFE2	TRUE	TRUE	TRUE	TRUE	FALSE	0.6	FALSE	TRUE	FALSE	3	TRUE	TSG	NONE	NONE			FALSE		FALSE	FALSE	FALSE
PRPF40B	TRUE	TRUE	TRUE	TRUE	FALSE	0.6	FALSE	TRUE	FALSE	3	TRUE	TSG	NONE	NONE			FALSE		FALSE	FALSE	FALSE
PTPN11	TRUE	FALSE	FALSE	FALSE	FALSE	0.6	FALSE	FALSE	TRUE	3	TRUE	ONCO	NONE	NONE	NONE	NONE	FALSE		FALSE	TRUE	FALSE
SETD1B	TRUE	TRUE	TRUE	TRUE	FALSE	0.6	FALSE	TRUE	FALSE	3	TRUE	TSG	NONE	NONE			FALSE		FALSE	FALSE	FALSE
SH2B3	TRUE	TRUE	TRUE	TRUE	FALSE	0.6	FALSE	TRUE	FALSE	3	TRUE	TSG	NONE	NONE	NONE	NONE	FALSE		FALSE	FALSE	FALSE
MN1	TRUE	FALSE	FALSE	FALSE	FALSE	0.6	FALSE	FALSE	TRUE	3	TRUE	ONCO	NONE	NONE			FALSE		FALSE	TRUE	TRUE
SF3A1	TRUE	TRUE	TRUE	TRUE	FALSE	0.6	FALSE	TRUE	FALSE	3	TRUE	TSG	NONE	NONE			FALSE		FALSE	FALSE	FALSE
FLT3	TRUE	FALSE	FALSE	FALSE	FALSE	0.6	FALSE	FALSE	TRUE	3	TRUE	ONCO	NONE	NONE	NONE	NONE	FALSE		FALSE	TRUE	TRUE
LIG4	TRUE	TRUE	TRUE	TRUE	FALSE	0.6	FALSE	TRUE	FALSE	3	TRUE	TSG	NONE	NONE			FALSE		FALSE	FALSE	FALSE
AKT1	TRUE	FALSE	FALSE	FALSE	FALSE	0.6	FALSE	FALSE	TRUE	3	TRUE	ONCO	NONE	NONE	NONE	NONE	FALSE		FALSE	TRUE	TRUE
BCL11B	TRUE	TRUE	TRUE	TRUE	FALSE	0.6	FALSE	TRUE	FALSE	3	TRUE	TSG	NONE	NONE			FALSE		FALSE	FALSE	FALSE
MAP2K1	TRUE	FALSE	FALSE	FALSE	FALSE	0.6	FALSE	FALSE	TRUE	3	TRUE	ONCO	NONE	NONE	NONE	NONE	FALSE		FALSE	TRUE	FALSE
RAD51	TRUE	TRUE	TRUE	TRUE	FALSE	0.6	FALSE	TRUE	FALSE	3	TRUE	TSG	NONE	NONE	NONE	NONE	FALSE		FALSE	FALSE	FALSE
ALAS2	TRUE	TRUE	TRUE	TRUE	FALSE	0.6	FALSE	TRUE	FALSE	3	TRUE	TSG	NONE	NONE			FALSE		FALSE	FALSE	FALSE
BCOR	TRUE	TRUE	TRUE	TRUE	FALSE	0.6	FALSE	TRUE	FALSE	3	TRUE	TSG	NONE	NONE	NONE	NONE	FALSE		FALSE	FALSE	FALSE
BCORL1	TRUE	TRUE	TRUE	TRUE	FALSE	0.6	FALSE	TRUE	FALSE	3	TRUE	TSG	NONE	NONE			FALSE		FALSE	FALSE	FALSE
BTK	TRUE	TRUE	TRUE	TRUE	FALSE	0.6	FALSE	TRUE	FALSE	3	TRUE	TSG	NONE	NONE	NONE	NONE	FALSE		FALSE	FALSE	FALSE
DDX3X	TRUE	TRUE	TRUE	TRUE	FALSE	0.6	FALSE	TRUE	FALSE	3	TRUE	TSG	NONE	NONE	NONE	NONE	FALSE		FALSE	FALSE	FALSE
GATA1	TRUE	TRUE	TRUE	TRUE	FALSE	0.6	FALSE	TRUE	FALSE	3	TRUE	TSG	NONE	NONE	NONE	NONE	FALSE		FALSE	FALSE	FALSE
KDM6A	TRUE	TRUE	TRUE	TRUE	FALSE	0.6	FALSE	TRUE	FALSE	3	TRUE	TSG	NONE	NONE	NONE	NONE	FALSE		FALSE	FALSE	FALSE
PHF6	TRUE	TRUE	TRUE	TRUE	FALSE	0.6	FALSE	TRUE	FALSE	3	TRUE	TSG	NONE	NONE	NONE	NONE	FALSE		FALSE	FALSE	FALSE
PIGA	TRUE	TRUE	TRUE	TRUE	FALSE	0.6	FALSE	TRUE	FALSE	3	TRUE	TSG	NONE	NONE			FALSE		FALSE	FALSE	FALSE
SMC1A	TRUE	TRUE	TRUE	TRUE	FALSE	0.6	FALSE	TRUE	FALSE	3	TRUE	TSG	NONE	NONE			FALSE		FALSE	FALSE	FALSE
STAG2	TRUE	TRUE	TRUE	TRUE	FALSE	0.6	FALSE	TRUE	FALSE	3	TRUE	TSG	NONE	NONE	NONE	NONE	FALSE		FALSE	FALSE	FALSE
UBA1	TRUE	FALSE	FALSE	FALSE	FALSE	0.6	FALSE	FALSE	TRUE	3	TRUE	ONCO	NONE	NONE			FALSE		FALSE	TRUE	TRUE
ZRSR2	TRUE	TRUE	TRUE	TRUE	FALSE	0.6	FALSE	TRUE	FALSE	3	TRUE	TSG	NONE	NONE	NONE	NONE	FALSE		FALSE	FALSE	FALSE
ARID1A	TRUE	TRUE	TRUE	TRUE	FALSE	0.6	FALSE	TRUE	FALSE	3	TRUE	TSG	NONE	NONE	NONE	NONE	FALSE		FALSE	FALSE	FALSE
BRINP3	TRUE	TRUE	TRUE	TRUE	FALSE	0.6	FALSE	TRUE	FALSE	3	TRUE	TSG	NONE	NONE			FALSE		FALSE	FALSE	FALSE
CSF3R	TRUE	FALSE	FALSE	FALSE	FALSE	0.6	FALSE	FALSE	TRUE	3	TRUE	ONCO	NONE	NONE	NONE	NONE	FALSE		FALSE	TRUE	FALSE
EGLN1	TRUE	TRUE	TRUE	TRUE	FALSE	0.6	FALSE	TRUE	FALSE	3	TRUE	TSG	NONE	NONE			FALSE		FALSE	FALSE	FALSE
GFI1	TRUE	TRUE	TRUE	TRUE	FALSE	0.6	FALSE	TRUE	FALSE	3	TRUE	TSG	NONE	NONE			FALSE		FALSE	FALSE	FALSE
GNB1	TRUE	FALSE	FALSE	FALSE	FALSE	0.6	FALSE	FALSE	TRUE	3	TRUE	ONCO	NONE	NONE			FALSE		FALSE	TRUE	TRUE
MPL	TRUE	FALSE	FALSE	FALSE	FALSE	0.6	FALSE	FALSE	TRUE	3	TRUE	ONCO	NONE	NONE	NONE	NONE	FALSE		FALSE	TRUE	FALSE
NRAS	TRUE	FALSE	FALSE	FALSE	FALSE	0.6	FALSE	FALSE	TRUE	3	TRUE	ONCO	NONE	NONE	NONE	NONE	FALSE		FALSE	TRUE	FALSE
RIT1	TRUE	FALSE	FALSE	FALSE	FALSE	0.6	FALSE	FALSE	TRUE	3	TRUE	ONCO	NONE	NONE			FALSE		FALSE	TRUE	TRUE
UBE2T	TRUE	TRUE	TRUE	TRUE	FALSE	0.6	FALSE	TRUE	FALSE	3	TRUE	TSG	NONE	NONE			FALSE		FALSE	FALSE	FALSE
CTCF	TRUE	TRUE	TRUE	TRUE	FALSE	0.6	FALSE	TRUE	FALSE	3	TRUE	TSG	NONE	NONE	NONE	NONE	FALSE		FALSE	FALSE	FALSE
PARN	TRUE	TRUE	TRUE	TRUE	FALSE	0.6	FALSE	TRUE	FALSE	3	TRUE	TSG	NONE	NONE			FALSE		FALSE	FALSE	FALSE
PLCG2	TRUE	TRUE	TRUE	TRUE	FALSE	0.6	FALSE	TRUE	FALSE	3	TRUE	TSG	NONE	NONE			FALSE		FALSE	FALSE	FALSE
ASXL2	FALSE	FALSE	FALSE	TRUE	FALSE	0.6	FALSE	FALSE	FALSE	3	FALSE	TSG	NONE	NONE	NONE	NONE	FALSE		FALSE	FALSE	FALSE
DNMT3A	TRUE	TRUE	TRUE	TRUE	FALSE	0.6	FALSE	TRUE	FALSE	3	TRUE	TSG	NONE	NONE	NONE	NONE	FALSE		FALSE	FALSE	FALSE
EPAS1	TRUE	FALSE	FALSE	FALSE	FALSE	0.6	FALSE	FALSE	TRUE	3	TRUE	ONCO	NONE	NONE	NONE	NONE	FALSE		FALSE	TRUE	FALSE
MYCN	FALSE	FALSE	FALSE	FALSE	FALSE	0.6	FALSE	FALSE	TRUE	3	FALSE	ONCO	NONE	NONE	NONE	NONE	FALSE		FALSE	TRUE	FALSE
SF3B1	TRUE	FALSE	FALSE	FALSE	FALSE	0.6	FALSE	FALSE	TRUE	3	TRUE	ONCO	NONE	NONE	NONE	NONE	FALSE		FALSE	TRUE	FALSE
KDM6B	TRUE	TRUE	TRUE	TRUE	FALSE	0.6	FALSE	TRUE	FALSE	3	TRUE	TSG	NONE	NONE			FALSE		FALSE	FALSE	FALSE
NF1	TRUE	TRUE	TRUE	TRUE	FALSE	0.6	FALSE	TRUE	FALSE	3	TRUE	TSG	ANY	ANY	ANY	ANY	TRUE		FALSE	FALSE	FALSE
PPM1D	TRUE	TRUE	FALSE	FALSE	FALSE	0.6	FALSE	FALSE	TRUE	3	TRUE	ONCO	NONE	NONE	NONE	NONE	FALSE		FALSE	TRUE	FALSE
PRPF8	TRUE	TRUE	TRUE	TRUE	FALSE	0.6	FALSE	TRUE	FALSE	3	TRUE	TSG	NONE	NONE			FALSE		FALSE	FALSE	FALSE
RAD51C	TRUE	TRUE	TRUE	TRUE	FALSE	0.6	TRUE	TRUE	FALSE	3	TRUE	TSG	ANY	ANY	ANY	ANY	TRUE		FALSE	FALSE	FALSE
SRSF2	TRUE	FALSE	FALSE	FALSE	FALSE	0.6	FALSE	FALSE	TRUE	3	TRUE	ONCO	NONE	NONE	NONE	NONE	FALSE		FALSE	TRUE	FALSE
STAT3	TRUE	FALSE	FALSE	FALSE	FALSE	0.6	FALSE	FALSE	TRUE	3	TRUE	ONCO	NONE	NONE	NONE	NONE	FALSE		FALSE	TRUE	FALSE
STAT5B	TRUE	TRUE	TRUE	TRUE	FALSE	0.6	FALSE	TRUE	FALSE	3	TRUE	TSG	NONE	NONE	NONE	NONE	FALSE		FALSE	FALSE	FALSE
SUZ12	TRUE	TRUE	TRUE	TRUE	FALSE	0.6	FALSE	TRUE	FALSE	3	TRUE	TSG	NONE	NONE	NONE	NONE	FALSE		FALSE	FALSE	FALSE
TP53	TRUE	TRUE	TRUE	TRUE	FALSE	0.6	FALSE	TRUE	FALSE	3	TRUE	TSG	ANY	ANY	ANY	ANY	TRUE		FALSE	FALSE	FALSE
UBTF	TRUE	FALSE	FALSE	FALSE	FALSE	0.6	FALSE	FALSE	TRUE	3	TRUE	ONCO	NONE	NONE			FALSE		FALSE	TRUE	TRUE
CBLB	TRUE	TRUE	TRUE	TRUE	FALSE	0.6	FALSE	TRUE	FALSE	3	TRUE	TSG	NONE	NONE	NONE	NONE	FALSE		FALSE	FALSE	FALSE
CTNNB1	TRUE	FALSE	FALSE	TRUE	FALSE	0.6	FALSE	TRUE	TRUE	3	TRUE	ONCO	NONE	NONE	NONE	NONE	FALSE		FALSE	TRUE	TRUE
GATA2	TRUE	FALSE	FALSE	FALSE	FALSE	0.6	FALSE	FALSE	TRUE	3	TRUE	ONCO	NONE	NONE	NONE	NONE	FALSE		FALSE	TRUE	FALSE
GATA2_intron4	TRUE	TRUE	TRUE	TRUE	FALSE	0.6	FALSE	TRUE	FALSE	3	TRUE	TSG	NONE	NONE			FALSE		FALSE	FALSE	FALSE
MYD88	TRUE	FALSE	FALSE	FALSE	FALSE	0.6	FALSE	FALSE	TRUE	3	TRUE	ONCO	NONE	NONE	NONE	NONE	FALSE		FALSE	TRUE	FALSE
SETD2	TRUE	TRUE	TRUE	TRUE	FALSE	0.6	FALSE	TRUE	FALSE	3	TRUE	TSG	NONE	NONE	NONE	NONE	FALSE		FALSE	FALSE	FALSE
TERC	TRUE	TRUE	TRUE	TRUE	FALSE	0.6	FALSE	TRUE	FALSE	3	TRUE	TSG	NONE	NONE			FALSE		FALSE	FALSE	FALSE
BCL2	TRUE	FALSE	FALSE	FALSE	FALSE	0.6	FALSE	FALSE	TRUE	3	TRUE	ONCO	NONE	NONE	NONE	NONE	FALSE		FALSE	TRUE	FALSE
SETBP1	TRUE	FALSE	FALSE	FALSE	FALSE	0.6	FALSE	FALSE	TRUE	3	TRUE	ONCO	NONE	NONE	NONE	NONE	FALSE		FALSE	TRUE	FALSE
DHX15	TRUE	TRUE	TRUE	TRUE	FALSE	0.6	FALSE	TRUE	FALSE	3	TRUE	TSG	NONE	NONE			FALSE		FALSE	FALSE	FALSE
KIT	TRUE	FALSE	FALSE	FALSE	FALSE	0.6	FALSE	FALSE	TRUE	3	TRUE	ONCO	NONE	ANY	NONE	NONE	FALSE		FALSE	TRUE	TRUE
NAF1	TRUE	TRUE	TRUE	TRUE	FALSE	0.6	FALSE	TRUE	FALSE	3	TRUE	TSG	NONE	NONE			FALSE		FALSE	FALSE	FALSE
TET2	TRUE	TRUE	TRUE	TRUE	FALSE	0.6	FALSE	TRUE	FALSE	3	TRUE	TSG	NONE	NONE	NONE	NONE	FALSE		FALSE	FALSE	FALSE
CALR	TRUE	FALSE	FALSE	FALSE	FALSE	0.6	FALSE	FALSE	TRUE	3	TRUE	ONCO	NONE	NONE	NONE	NONE	FALSE		FALSE	TRUE	FALSE
CEBPA	TRUE	TRUE	TRUE	TRUE	FALSE	0.6	FALSE	TRUE	FALSE	3	TRUE	TSG	NONE	NONE	NONE	NONE	FALSE		FALSE	FALSE	FALSE
DNMT1	TRUE	TRUE	TRUE	TRUE	FALSE	0.6	FALSE	TRUE	FALSE	3	TRUE	TSG	NONE	NONE			FALSE		FALSE	FALSE	FALSE
ELANE	TRUE	FALSE	FALSE	FALSE	FALSE	0.6	FALSE	FALSE	TRUE	3	TRUE	ONCO	NONE	NONE			FALSE		FALSE	TRUE	TRUE
EPOR	FALSE	TRUE	FALSE	FALSE	FALSE	0.6	FALSE	FALSE	FALSE	3	FALSE	TSG	NONE	NONE	NONE	NONE	FALSE		FALSE	FALSE	FALSE
NOTCH3	TRUE	FALSE	FALSE	FALSE	FALSE	0.6	FALSE	FALSE	TRUE	3	TRUE	ONCO	NONE	NONE	NONE	NONE	FALSE		FALSE	TRUE	FALSE
RRAS	TRUE	TRUE	TRUE	TRUE	FALSE	0.6	FALSE	TRUE	FALSE	3	TRUE	TSG	NONE	NONE			FALSE		FALSE	FALSE	FALSE
U2AF2	TRUE	TRUE	TRUE	TRUE	FALSE	0.6	FALSE	TRUE	FALSE	3	TRUE	TSG	NONE	NONE			FALSE		FALSE	FALSE	FALSE
ZBTB7A	TRUE	TRUE	TRUE	TRUE	FALSE	0.6	FALSE	TRUE	FALSE	3	TRUE	TSG	NONE	NONE			FALSE		FALSE	FALSE	FALSE
ZNF91	TRUE	TRUE	TRUE	TRUE	FALSE	0.6	FALSE	TRUE	FALSE	3	TRUE	TSG	NONE	NONE			FALSE		FALSE	FALSE	FALSE
CSF1R	TRUE	FALSE	FALSE	FALSE	FALSE	0.6	FALSE	FALSE	TRUE	3	TRUE	ONCO	NONE	NONE	NONE	NONE	FALSE		FALSE	TRUE	FALSE
CSNK1A1	TRUE	TRUE	TRUE	TRUE	FALSE	0.6	FALSE	TRUE	FALSE	3	TRUE	TSG	NONE	NONE			FALSE		FALSE	FALSE	FALSE
DDX41	TRUE	TRUE	TRUE	TRUE	FALSE	0.6	FALSE	TRUE	FALSE	3	TRUE	TSG	NONE	NONE			FALSE		FALSE	FALSE	FALSE
IL7R	TRUE	FALSE	FALSE	FALSE	FALSE	0.6	FALSE	FALSE	TRUE	3	TRUE	ONCO	NONE	NONE	NONE	NONE	FALSE		FALSE	TRUE	FALSE
IRF1	TRUE	TRUE	TRUE	TRUE	FALSE	0.6	FALSE	TRUE	FALSE	3	TRUE	TSG	NONE	NONE			FALSE		FALSE	FALSE	FALSE
NPM1	TRUE	FALSE	FALSE	FALSE	FALSE	0.6	FALSE	FALSE	TRUE	3	TRUE	ONCO	NONE	NONE	NONE	NONE	FALSE		FALSE	TRUE	FALSE
CCNC	TRUE	TRUE	TRUE	TRUE	FALSE	0.6	FALSE	TRUE	FALSE	3	TRUE	TSG	NONE	NONE			FALSE		FALSE	FALSE	FALSE
CCND3	FALSE	FALSE	FALSE	FALSE	FALSE	0.6	FALSE	TRUE	TRUE	3	FALSE	ONCO	NONE	NONE	NONE	NONE	FALSE		FALSE	TRUE	FALSE
MYB	FALSE	FALSE	FALSE	FALSE	FALSE	0.6	FALSE	FALSE	TRUE	3	FALSE	ONCO	NONE	NONE	NONE	NONE	FALSE		FALSE	TRUE	FALSE
BPGM	TRUE	TRUE	TRUE	TRUE	FALSE	0.6	FALSE	TRUE	FALSE	3	TRUE	TSG	NONE	NONE			FALSE		FALSE	FALSE	FALSE
CUX1	TRUE	TRUE	TRUE	TRUE	FALSE	0.6	FALSE	TRUE	FALSE	3	TRUE	TSG	NONE	NONE	NONE	NONE	FALSE		FALSE	FALSE	FALSE
EZH2	TRUE	FALSE	FALSE	FALSE	FALSE	0.6	FALSE	FALSE	TRUE	3	TRUE	ONCO	NONE	NONE	NONE	NONE	FALSE		FALSE	TRUE	FALSE
IKZF1	TRUE	TRUE	TRUE	TRUE	FALSE	0.6	FALSE	TRUE	FALSE	3	TRUE	TSG	NONE	NONE	NONE	NONE	FALSE		FALSE	FALSE	FALSE
LUC7L2	TRUE	TRUE	TRUE	TRUE	FALSE	0.6	FALSE	TRUE	FALSE	3	TRUE	TSG	NONE	NONE			FALSE		FALSE	FALSE	FALSE
SAMD9	TRUE	FALSE	FALSE	FALSE	FALSE	0.6	FALSE	FALSE	TRUE	3	TRUE	ONCO	NONE	NONE			FALSE		FALSE	TRUE	TRUE
SAMD9L	TRUE	FALSE	FALSE	FALSE	FALSE	0.6	FALSE	FALSE	TRUE	3	TRUE	ONCO	NONE	NONE			FALSE		FALSE	TRUE	TRUE
XRCC2	TRUE	TRUE	TRUE	TRUE	FALSE	0.6	FALSE	TRUE	FALSE	3	TRUE	TSG	NONE	NONE	NONE	NONE	FALSE		FALSE	FALSE	FALSE
CSMD1	FALSE	FALSE	FALSE	TRUE	FALSE	0.6	FALSE	FALSE	FALSE	3	FALSE	TSG	NONE	NONE	NONE	NONE	FALSE		FALSE	FALSE	FALSE
MYC	FALSE	FALSE	FALSE	FALSE	FALSE	0.6	FALSE	FALSE	TRUE	3	FALSE	ONCO	NONE	NONE	NONE	NONE	FALSE		FALSE	TRUE	FALSE
RAD21	TRUE	FALSE	FALSE	FALSE	FALSE	0.6	FALSE	FALSE	TRUE	3	TRUE	ONCO	NONE	NONE	NONE	NONE	FALSE		FALSE	TRUE	FALSE
ZFHX4	TRUE	TRUE	TRUE	TRUE	FALSE	0.6	FALSE	TRUE	FALSE	3	TRUE	TSG	NONE	NONE			FALSE		FALSE	FALSE	FALSE
ANKRD26	TRUE	TRUE	TRUE	TRUE	FALSE	0.6	FALSE	TRUE	FALSE	3	TRUE	TSG	NONE	NONE			FALSE		FALSE	FALSE	FALSE
PTEN	TRUE	TRUE	TRUE	TRUE	FALSE	0.6	FALSE	TRUE	FALSE	3	TRUE	TSG	ANY	ANY	ANY	ANY	TRUE		FALSE	FALSE	FALSE
SMC3	TRUE	FALSE	FALSE	FALSE	FALSE	0.6	FALSE	FALSE	TRUE	3	TRUE	ONCO	NONE	NONE	NONE	NONE	FALSE		FALSE	TRUE	FALSE
CDKN2A	TRUE	TRUE	TRUE	TRUE	FALSE	0.6	FALSE	TRUE	FALSE	3	TRUE	TSG	ANY	ANY	ANY	ANY	TRUE	ENST00000579755	FALSE	FALSE	FALSE
CDKN2B	TRUE	TRUE	TRUE	TRUE	FALSE	0.6	FALSE	TRUE	FALSE	3	TRUE	TSG	NONE	NONE	NONE	NONE	FALSE		FALSE	FALSE	FALSE
HNRNPK	TRUE	TRUE	TRUE	TRUE	FALSE	0.6	FALSE	TRUE	FALSE	3	TRUE	TSG	NONE	NONE			FALSE		FALSE	FALSE	FALSE
JAK2	TRUE	FALSE	FALSE	TRUE	FALSE	0.6	FALSE	TRUE	TRUE	3	TRUE	ONCO	NONE	NONE	NONE	NONE	FALSE		FALSE	TRUE	FALSE
NOTCH1	TRUE	TRUE	TRUE	TRUE	FALSE	0.6	FALSE	TRUE	TRUE	3	TRUE	TSG	NONE	NONE	NONE	NONE	FALSE		FALSE	FALSE	FALSE
PAX5	TRUE	FALSE	FALSE	FALSE	FALSE	0.6	FALSE	FALSE	TRUE	3	TRUE	ONCO	NONE	NONE	NONE	NONE	FALSE		FALSE	TRUE	FALSE
ASXL1	TRUE	TRUE	TRUE	TRUE	FALSE	0.6	FALSE	TRUE	FALSE	3	TRUE	TSG	NONE	NONE	NONE	NONE	FALSE		FALSE	FALSE	FALSE
GNAS	TRUE	FALSE	FALSE	FALSE	FALSE	0.6	FALSE	FALSE	TRUE	3	TRUE	ONCO	NONE	NONE	NONE	NONE	FALSE		FALSE	TRUE	FALSE
ATM	TRUE	TRUE	TRUE	TRUE	FALSE	0.6	FALSE	TRUE	FALSE	3	TRUE	TSG	ANY	ANY	ANY	ANY	TRUE		FALSE	FALSE	FALSE
BIRC3	TRUE	TRUE	TRUE	TRUE	FALSE	0.6	FALSE	TRUE	FALSE	3	TRUE	TSG	NONE	NONE	NONE	NONE	FALSE		FALSE	FALSE	FALSE
CBL	TRUE	FALSE	FALSE	FALSE	FALSE	0.6	FALSE	FALSE	TRUE	3	TRUE	ONCO	NONE	NONE	NONE	NONE	FALSE		FALSE	TRUE	TRUE
EED	TRUE	TRUE	TRUE	TRUE	FALSE	0.6	FALSE	TRUE	FALSE	3	TRUE	TSG	NONE	NONE	NONE	NONE	FALSE		FALSE	FALSE	FALSE
HRAS	TRUE	FALSE	FALSE	FALSE	FALSE	0.6	FALSE	FALSE	TRUE	3	TRUE	ONCO	NONE	NONE	NONE	NONE	FALSE		FALSE	TRUE	FALSE
KMT2A	TRUE	FALSE	FALSE	FALSE	FALSE	0.6	FALSE	FALSE	TRUE	3	TRUE	ONCO	NONE	NONE	NONE	NONE	FALSE		FALSE	TRUE	TRUE
RRAS2	TRUE	TRUE	TRUE	TRUE	FALSE	0.6	FALSE	TRUE	FALSE	3	TRUE	TSG	NONE	NONE			FALSE		FALSE	FALSE	FALSE
SF1	TRUE	TRUE	TRUE	TRUE	FALSE	0.6	FALSE	TRUE	FALSE	3	TRUE	TSG	NONE	NONE			FALSE		FALSE	FALSE	FALSE
WT1	TRUE	TRUE	TRUE	TRUE	FALSE	0.6	FALSE	TRUE	FALSE	3	TRUE	TSG	ANY	ANY	ANY	ANY	TRUE		FALSE	FALSE	FALSE
