CNV.ID	Sample	Correlation	N.comp	Start.b	End.b	CNV.type	N.exons	Start	End	Chromosome	Genomic.ID	BF	Reads.expected	Reads.observed	Reads.ratio	Gene
1	Male1-TwistMy.final	0.99974025428071	4	730	730	deletion	1	535415	535591	11	chr11:535415-535591	13.8	242	128	0.529	HRAS
2	Male2-TwistMy.final	0.998939376057549	2	1266	1266	deletion	1	31947575	31947694	17	chr17:31947575-31947694	3.78	271	197	0.727	SUZ12
3	Male4-TwistMy.final	0.999781072817196	7	127	127	deletion	1	25341806	25341925	2	chr2:25341806-25341925	4.15	128	79	0.617	DNMT3A
4	Male4-TwistMy.final	0.999781072817196	7	730	730	deletion	1	535415	535591	11	chr11:535415-535591	8.49	216	123	0.569	HRAS
5	Male4-TwistMy.final	0.999781072817196	7	1297	1297	deletion	1	42276247	42276390	17	chr17:42276247-42276390	4.46	344	235	0.683	STAT5B
6	Male4-TwistMy.final	0.999781072817196	7	1459	1459	deletion	1	15200787	15200994	19	chr19:15200787-15200994	4.42	643	457	0.711	NOTCH3
7	Male6-TwistMy.final	0.999846820719242	4	127	127	duplication	1	25341806	25341925	2	chr2:25341806-25341925	4.87	326	409	1.25	DNMT3A
8	Male8-TwistMy.final	0.999443730452317	8	1266	1266	deletion	1	31947575	31947694	17	chr17:31947575-31947694	8.82	340	217	0.638	SUZ12
9	Male8-TwistMy.final	0.999443730452317	8	1728	1728	deletion	1	124048973	124049092	X	chrX:124048973-124049092	4.64	259	176	0.68	STAG2
10	Male9-TwistMy.final	0.999773247531305	6	1526	1526	duplication	1	38498359	38498478	21	chr21:38498359-38498478	5.95	242	334	1.38	ERG
11	Male12-TwistMy.final	0.999470393464898	5	676	676	deletion	1	27060509	27060628	10	chr10:27060509-27060628	11.6	240	127	0.529	ANKRD26
12	Male12-TwistMy.final	0.999470393464898	5	684	684	deletion	1	27082719	27082838	10	chr10:27082719-27082838	5.68	252	163	0.647	ANKRD26
13	Male12-TwistMy.final	0.999470393464898	5	779	779	deletion	1	102336698	102336817	11	chr11:102336698-102336817	7.13	182	106	0.582	BIRC3
14	Male12-TwistMy.final	0.999470393464898	5	1265	1265	deletion	1	31940407	31940526	17	chr17:31940407-31940526	10.6	253	140	0.553	SUZ12
15	Male12-TwistMy.final	0.999470393464898	5	1268	1268	deletion	1	31973129	31973248	17	chr17:31973129-31973248	4.48	256	172	0.672	SUZ12
16	Male12-TwistMy.final	0.999470393464898	5	1526	1526	deletion	1	38498359	38498478	21	chr21:38498359-38498478	5.66	253	164	0.648	ERG
17	Male13-TwistMy.final	0.999875102903366	9	493	493	deletion	1	2954157	2954276	8	chr8:2954157-2954276	4.93	435	304	0.699	CSMD1
18	Male15-TwistMy.final	0.999372442062631	7	1266	1266	duplication	1	31947575	31947694	17	chr17:31947575-31947694	3.03	167	225	1.35	SUZ12
19	Male15-TwistMy.final	0.999372442062631	7	1728	1728	duplication	1	124048973	124049092	X	chrX:124048973-124049092	3.46	125	176	1.41	STAG2
20	Male17-TwistMy.final	0.999837556296371	7	779	779	duplication	1	102336698	102336817	11	chr11:102336698-102336817	5.66	432	550	1.27	BIRC3
21	Male19-TwistMy.final	0.99979538507134	10	730	730	duplication	1	535415	535591	11	chr11:535415-535591	2.85	242	314	1.3	HRAS
22	Male22-TwistMy.final	0.999615009538242	12	779	779	duplication	1	102336698	102336817	11	chr11:102336698-102336817	8.46	431	587	1.36	BIRC3
23	Male22-TwistMy.final	0.999615009538242	12	1266	1266	duplication	1	31947575	31947694	17	chr17:31947575-31947694	5.04	313	415	1.33	SUZ12
24	Male22-TwistMy.final	0.999615009538242	12	1728	1728	duplication	1	124048973	124049092	X	chrX:124048973-124049092	3.33	243	317	1.3	STAG2
25	Male23-TwistMy.final	0.99975936367055	7	664	664	deletion	1	27028829	27028948	10	chr10:27028829-27028948	10.2	707	481	0.68	ANKRD26
