Chromosome	Start	End	Clinical.Exon
chr1	1785284	1787052	exon_12
chr1	1787318	1787438	exon_11
chr1	1789051	1789268	exon_10
chr1	1790393	1790595	exon_9
chr1	1793231	1793351	exon_8
chr1	1804417	1804580	exon_7
chr1	1806442	1806562	exon_6
chr1	1815747	1815867	exon_5
chr1	1817803	1817923	exon_4
chr1	1825388	1825508	exon_3
chr1	1839159	1839279	exon_2
chr1	1890818	1891086	exon_1
chr1	26696025	26697539	exon_1
chr1	26729649	26729862	exon_2
chr1	26731150	26731603	exon_3
chr1	26732672	26732792	exon_4
chr1	26760854	26761095	exon_5
chr1	26761353	26761473	exon_6
chr1	26762150	26762318	exon_7
chr1	26762971	26763284	exon_8
chr1	26766219	26766365	exon_9
chr1	26766450	26766570	exon_10
chr1	26767788	26767998	exon_11
chr1	26771117	26771325	exon_12
chr1	26772498	26772631	exon_13
chr1	26772810	26772986	exon_14
chr1	26773344	26773495	exon_15
chr1	26773578	26773716	exon_16
chr1	26773783	26773903	exon_17
chr1	26774327	26775219	exon_18
chr1	26775580	26775700	exon_19
chr1	26779021	26782103	exon_20
chr1	36466041	36466826	exon_17
chr1	36467200	36467320	exon_16
chr1	36467531	36467651	exon_15
chr1	36467820	36467961	exon_14
chr1	36468073	36468220	exon_13
chr1	36469145	36469265	exon_12
chr1	36469650	36469839	exon_11
chr1	36471431	36471645	exon_10
chr1	36472040	36472160	exon_9
chr1	36472236	36472390	exon_8
chr1	36472515	36472685	exon_7
chr1	36473433	36473621	exon_6
chr1	36473764	36473884	exon_5
chr1	36475375	36475672	exon_4
chr1	36479424	36479544	exon_3
chr1	36481417	36481537	exon_2
chr1	36482802	36482922	exon_1
chr1	43337811	43337931	exon_1
chr1	43338097	43338230	exon_2
chr1	43338540	43338719	exon_3
chr1	43339269	43339568	exon_4
chr1	43339962	43340125	exon_5
chr1	43340388	43340508	exon_6
chr1	43346443	43346628	exon_7
chr1	43346790	43346933	exon_8
chr1	43348841	43349001	exon_9
chr1	43349242	43349362	exon_10
chr1	43352195	43352315	exon_11
chr1	43352516	43354465	exon_12
chr1	92473041	92476206	exon_7
chr1	92478586	92478752	exon_6
chr1	92480346	92480484	exon_5
chr1	92480599	92481087	exon_4
chr1	92482862	92483045	exon_3
chr1	92483371	92483585	exon_2
chr1	92486724	92486924	exon_1
chr1	114704467	114708049	exon_7
chr1	114708152	114708272	exon_6
chr1	114708531	114708651	exon_5
chr1	114709567	114709727	exon_4
chr1	114713798	114713977	exon_3
chr1	114716052	114716172	exon_2
chr1	114716653	114716773	exon_1
chr1	155897806	155900617	exon_6
chr1	155904309	155904501	exon_5
chr1	155904728	155904848	exon_4
chr1	155910432	155910552	exon_3
chr1	155910654	155910803	exon_2
chr1	155911234	155911354	exon_1
chr1	190097656	190099133	exon_8
chr1	190160666	190160889	exon_7
chr1	190226080	190226317	exon_6
chr1	190234363	190234483	exon_5
chr1	190264863	190265054	exon_4
chr1	190281558	190281749	exon_3
chr1	190454653	190454939	exon_2
chr1	190477446	190477863	exon_1
chr1	202331655	202331959	exon_7
chr1	202332986	202333106	exon_6
chr1	202333217	202333337	exon_5
chr1	202333441	202333561	exon_4
chr1	202334948	202335068	exon_3
chr1	202335644	202335817	exon_2
chr1	202341827	202341947	exon_1
chr1	231363754	231366474	exon_5
chr1	231367517	231367637	exon_4
chr1	231370560	231370697	exon_3
chr1	231373978	231374098	exon_2
chr1	231420996	231422286	exon_1
chr2	15940548	15940742	exon_1
chr2	15941946	15942853	exon_2
chr2	15945491	15947003	exon_3
chr2	25227872	25234419	exon_23
chr2	25235704	25235824	exon_22
chr2	25236928	25237048	exon_21
chr2	25239119	25239239	exon_20
chr2	25240300	25240449	exon_19
chr2	25240623	25240743	exon_18
chr2	25241560	25241706	exon_17
chr2	25243892	25244012	exon_16
chr2	25244153	25244337	exon_15
chr2	25244534	25244654	exon_14
chr2	25245228	25245348	exon_13
chr2	25245944	25246064	exon_12
chr2	25246158	25246308	exon_11
chr2	25246618	25246775	exon_10
chr2	25247043	25247163	exon_9
chr2	25247589	25247748	exon_8
chr2	25248035	25248251	exon_7
chr2	25274939	25275086	exon_6
chr2	25275454	25275574	exon_5
chr2	25282439	25282710	exon_4
chr2	25300129	25300249	exon_3
chr2	25313911	25314160	exon_2
chr2	25341805	25341925	exon_1
chr2	25733751	25744475	exon_13
chr2	25749694	25750412	exon_12
chr2	25753525	25753645	exon_11
chr2	25756005	25756125	exon_10
chr2	25759480	25759644	exon_9
chr2	25767581	25767725	exon_8
chr2	25768743	25768863	exon_7
chr2	25771434	25771554	exon_6
chr2	25799383	25799534	exon_5
chr2	25806221	25806341	exon_4
chr2	25835531	25835651	exon_3
chr2	25845457	25845577	exon_2
chr2	25878164	25878486	exon_1
chr2	46297405	46297936	exon_1
chr2	46346871	46347062	exon_2
chr2	46356149	46356301	exon_3
chr2	46356722	46356842	exon_4
chr2	46360635	46360755	exon_5
chr2	46360883	46361089	exon_6
chr2	46369818	46369938	exon_7
chr2	46375688	46375836	exon_8
chr2	46376537	46376752	exon_9
chr2	46377892	46378086	exon_10
chr2	46378650	46378770	exon_11
chr2	46380225	46380716	exon_12
chr2	46381597	46381717	exon_13
chr2	46381970	46382090	exon_14
chr2	46382423	46382597	exon_15
chr2	46384507	46386696	exon_16
chr2	197389782	197392460	exon_25
chr2	197392970	197393187	exon_24
chr2	197396054	197396327	exon_23
chr2	197397983	197398115	exon_22
chr2	197398459	197398579	exon_21
chr2	197400049	197400169	exon_20
chr2	197400250	197400433	exon_19
chr2	197400713	197400935	exon_18
chr2	197401401	197401521	exon_17
chr2	197401740	197401887	exon_16
chr2	197401983	197402129	exon_15
chr2	197402554	197402825	exon_14
chr2	197402945	197403065	exon_13
chr2	197403583	197403763	exon_12
chr2	197405064	197405184	exon_11
chr2	197405273	197405471	exon_10
chr2	197407997	197408117	exon_9
chr2	197408367	197408580	exon_8
chr2	197409768	197410006	exon_7
chr2	197416739	197416910	exon_6
chr2	197418488	197418608	exon_5
chr2	197420423	197420543	exon_4
chr2	197421019	197421139	exon_3
chr2	197423806	197423973	exon_2
chr2	197434922	197435042	exon_1
chr3	38138659	38139027	exon_1
chr3	38139862	38139997	exon_2
chr3	38140386	38140567	exon_3
chr3	38140752	38140872	exon_4
chr3	38141130	38143021	exon_5
chr3	41199503	41199669	exon_1
chr3	41224019	41224139	exon_2
chr3	41224524	41224752	exon_3
chr3	41224952	41225206	exon_4
chr3	41225332	41225571	exon_5
chr3	41225658	41225860	exon_6
chr3	41227206	41227351	exon_7
chr3	41233336	41233456	exon_8
chr3	41233527	41233866	exon_9
chr3	41234137	41234296	exon_10
chr3	41235722	41235842	exon_11
chr3	41236347	41236498	exon_12
chr3	41236587	41236707	exon_13
chr3	41237986	41238106	exon_14
chr3	41239132	41240442	exon_15
chr3	47016434	47017253	exon_21
chr3	47017626	47017746	exon_20
chr3	47019721	47019841	exon_19
chr3	47037660	47037780	exon_18
chr3	47042559	47042699	exon_17
chr3	47046485	47046620	exon_16
chr3	47056819	47057489	exon_15
chr3	47062161	47062345	exon_14
chr3	47067037	47067157	exon_13
chr3	47083718	47084381	exon_12
chr3	47086193	47086313	exon_11
chr3	47088111	47088246	exon_10
chr3	47097956	47098076	exon_9
chr3	47101446	47101566	exon_8
chr3	47103316	47103436	exon_7
chr3	47105997	47106117	exon_6
chr3	47113878	47113998	exon_5
chr3	47116621	47116753	exon_4
chr3	47120180	47124547	exon_3
chr3	47126572	47126692	exon_2
chr3	47163852	47164128	exon_1
chr3	105655459	105659228	exon_19
chr3	105670231	105670351	exon_18
chr3	105678429	105678570	exon_17
chr3	105681477	105681609	exon_16
chr3	105681716	105681836	exon_15
chr3	105685318	105685465	exon_14
chr3	105693471	105693591	exon_13
chr3	105702092	105702458	exon_12
chr3	105703986	105704172	exon_11
chr3	105720045	105720249	exon_10
chr3	105734007	105734139	exon_9
chr3	105737153	105737273	exon_8
chr3	105740492	105740630	exon_7
chr3	105745916	105746036	exon_6
chr3	105751460	105751617	exon_5
chr3	105776394	105776541	exon_4
chr3	105853412	105853663	exon_3
chr3	105867408	105867590	exon_2
chr3	105868734	105869011	exon_1
chr3	128479425	128481317	exon_6
chr3	128481820	128481940	exon_5
chr3	128482979	128483579	intron4
chr3	128483858	128484004	exon_4
chr3	128485725	128486367	exon_3
chr3	128486801	128487075	exon_2
chr3	128492897	128493200	exon_1
chr3	169764399	169765734	TERC
chr4	24527473	24528040	exon_14
chr4	24529599	24529769	exon_13
chr4	24532862	24533053	exon_12
chr4	24537050	24537170	exon_11
chr4	24540106	24540298	exon_10
chr4	24540832	24540952	exon_9
chr4	24541871	24542021	exon_8
chr4	24542922	24543042	exon_7
chr4	24548853	24549021	exon_6
chr4	24554723	24554942	exon_5
chr4	24556249	24556409	exon_4
chr4	24570652	24570846	exon_3
chr4	24576241	24576677	exon_2
chr4	24584321	24584553	exon_1
chr4	54657957	54658077	exon_1
chr4	54695510	54695780	exon_2
chr4	54698282	54698564	exon_3
chr4	54699628	54699765	exon_4
chr4	54703722	54703891	exon_5
chr4	54707096	54707286	exon_6
chr4	54709420	54709540	exon_7
chr4	54723579	54723699	exon_8
chr4	54725855	54726049	exon_9
chr4	54727209	54727329	exon_10
chr4	54727417	54727537	exon_11
chr4	54727813	54727933	exon_12
chr4	54728004	54728124	exon_13
chr4	54729333	54729484	exon_14
chr4	54731320	54731440	exon_15
chr4	54731873	54731993	exon_16
chr4	54733069	54733189	exon_17
chr4	54736492	54736612	exon_18
chr4	54736706	54736826	exon_19
chr4	54737166	54737286	exon_20
chr4	54738427	54740714	exon_21
chr4	105146863	105146983	exon_1
chr4	105190358	105190504	exon_2
chr4	105233895	105237350	exon_3
chr4	105241335	105241455	exon_4
chr4	105242818	105242938	exon_5
chr4	105243568	105243777	exon_6
chr4	105259617	105259768	exon_7
chr4	105261753	105261873	exon_8
chr4	105269608	105269746	exon_9
chr4	105272562	105272917	exon_10
chr4	105275046	105279802	exon_11
chr4	163128667	163129347	exon_8
chr4	163133145	163133265	exon_7
chr4	163137154	163137274	exon_6
chr4	163140221	163140382	exon_5
chr4	163145747	163145867	exon_4
chr4	163148325	163148445	exon_3
chr4	163164215	163164390	exon_2
chr4	163166361	163166889	exon_1
chr5	35856889	35857058	exon_1
chr5	35860850	35860989	exon_2
chr5	35867304	35867462	exon_3
chr5	35871054	35871212	exon_4
chr5	35873478	35873647	exon_5
chr5	35874434	35874554	exon_6
chr5	35875468	35875588	exon_7
chr5	35875981	35879602	exon_8
chr5	132481607	132484074	exon_10
chr5	132484360	132484496	exon_9
chr5	132485624	132485744	exon_8
chr5	132486250	132486370	exon_7
chr5	132486560	132486680	exon_6
chr5	132486728	132486848	exon_5
chr5	132486952	132487129	exon_4
chr5	132487923	132488043	exon_3
chr5	132489384	132489504	exon_2
chr5	132490543	132490772	exon_1
chr5	149492966	149496859	exon_10
chr5	149505445	149505594	exon_9
chr5	149507018	149507138	exon_8
chr5	149509877	149509997	exon_7
chr5	149511770	149511890	exon_6
chr5	149513068	149513208	exon_5
chr5	149520274	149520394	exon_4
chr5	149525046	149525166	exon_3
chr5	149550066	149550186	exon_2
chr5	149550840	149551438	exon_1
chr5	150053293	150054223	exon_21
chr5	150054314	150054434	exon_20
chr5	150055225	150055345	exon_19
chr5	150056020	150056140	exon_18
chr5	150056218	150056338	exon_17
chr5	150057275	150057395	exon_16
chr5	150057491	150057611	exon_15
chr5	150059698	150059861	exon_14
chr5	150060855	150060975	exon_13
chr5	150061481	150061601	exon_12
chr5	150061724	150061844	exon_11
chr5	150068211	150068331	exon_10
chr5	150069871	150070062	exon_9
chr5	150070180	150070300	exon_8
chr5	150070452	150070572	exon_7
chr5	150073299	150073492	exon_6
chr5	150077274	150077434	exon_5
chr5	150078110	150078247	exon_4
chr5	150080050	150080335	exon_3
chr5	150080765	150081023	exon_2
chr5	150086377	150086553	exon_1
chr5	171387847	171388005	exon_1
chr5	171390015	171390135	exon_2
chr5	171391303	171391423	exon_3
chr5	171391680	171391800	exon_4
chr5	171392701	171392821	exon_5
chr5	171392864	171392984	exon_6
chr5	171400118	171400238	exon_7
chr5	171400834	171400954	exon_8
chr5	171405298	171405418	exon_9
chr5	171407675	171407795	exon_10
chr5	171410511	171410899	exon_11
chr5	177511575	177511926	exon_17
chr5	177512089	177512209	exon_16
chr5	177512296	177512416	exon_15
chr5	177512494	177512644	exon_14
chr5	177512775	177512895	exon_13
chr5	177513001	177513121	exon_12
chr5	177513351	177513483	exon_11
chr5	177513683	177513846	exon_10
chr5	177514699	177514836	exon_9
chr5	177514914	177515068	exon_8
chr5	177515183	177515303	exon_7
chr5	177515683	177515820	exon_6
chr5	177515898	177516018	exon_5
chr5	177516106	177516226	exon_4
chr5	177516286	177516446	exon_3
chr5	177516718	177516838	exon_2
chr5	177516907	177517027	exon_1
chr6	41934950	41936106	exon_5
chr6	41936557	41936694	exon_4
chr6	41937233	41937393	exon_3
chr6	41940368	41940584	exon_2
chr6	41941450	41941807	exon_1
chr6	99542385	99543608	exon_12
chr6	99545109	99545229	exon_11
chr6	99546382	99546502	exon_10
chr6	99549479	99549599	exon_9
chr6	99550201	99550321	exon_8
chr6	99558485	99558605	exon_5
chr6	99561317	99561437	exon_4
chr6	99561578	99561698	exon_3
chr6	99562833	99562953	exon_2
chr6	99568494	99568659	exon_1
chr6	135181306	135181535	exon_1
chr6	135185900	135186020	exon_2
chr6	135187828	135187948	exon_3
chr6	135189765	135189885	exon_4
chr6	135190125	135190346	exon_5
chr6	135192322	135192557	exon_6
chr6	135193799	135193919	exon_7
chr6	135194346	135194466	exon_8
chr6	135195746	135196001	exon_9
chr6	135196959	135197322	exon_10
chr6	135198906	135199049	exon_11
chr6	135200080	135200200	exon_12
chr6	135200291	135200411	exon_13
chr6	135201632	135201752	exon_14
chr6	135203209	135203329	exon_15
chr6	135217862	135219171	exon_16
chr7	50304714	50304921	exon_1
chr7	50319040	50319160	exon_2
chr7	50327636	50327756	exon_3
chr7	50376531	50376792	exon_4
chr7	50382538	50382706	exon_5
chr7	50387346	50387466	exon_6
chr7	50391727	50391862	exon_7
chr7	50399916	50405100	exon_8
chr7	93099532	93106104	exon_3
chr7	93114787	93114907	exon_2
chr7	93117859	93117979	exon_1
chr7	93130054	93135990	exon_5
chr7	93144731	93144851	exon_4
chr7	93145383	93146039	exon_3
chr7	93146881	93147145	exon_2
chr7	93148192	93148384	exon_1
chr7	101817608	101817728	exon_1
chr7	101916108	101916228	exon_2
chr7	102028050	102028170	exon_3
chr7	102070334	102070454	exon_4
chr7	102097362	102097500	exon_5
chr7	102104336	102104456	exon_6
chr7	102111675	102111795	exon_7
chr7	102115196	102115316	exon_8
chr7	102158527	102158647	exon_9
chr7	102170436	102170556	exon_10
chr7	102178467	102178656	exon_11
chr7	102189791	102189911	exon_12
chr7	102193806	102193926	exon_13
chr7	102195492	102195612	exon_14
chr7	102196632	102197304	exon_15
chr7	102198798	102198918	exon_16
chr7	102200070	102200190	exon_17
chr7	102201358	102202203	exon_18
chr7	102204389	102204555	exon_19
chr7	102205075	102205195	exon_20
chr7	102227365	102227668	exon_21
chr7	102234050	102234239	exon_22
chr7	102239318	102239583	exon_23
chr7	102248410	102258232	exon_24
chr7	134646849	134646969	exon_1
chr7	134661445	134662107	exon_2
chr7	134678851	134679815	exon_3
chr7	139359892	139360321	exon_1
chr7	139376045	139376165	exon_2
chr7	139398587	139398707	exon_3
chr7	139402130	139402250	exon_4
chr7	139405642	139405786	exon_5
chr7	139407172	139407349	exon_6
chr7	139409551	139409671	exon_7
chr7	139412513	139412633	exon_8
chr7	139417536	139417728	exon_9
chr7	139422161	139423453	exon_10
chr7	148807381	148807705	exon_20
chr7	148809065	148809185	exon_19
chr7	148809271	148809391	exon_18
chr7	148810296	148810416	exon_17
chr7	148811607	148811727	exon_16
chr7	148813957	148814136	exon_15
chr7	148814915	148815035	exon_14
chr7	148815491	148815611	exon_13
chr7	148816672	148816792	exon_12
chr7	148817220	148817390	exon_11
chr7	148817875	148818116	exon_10
chr7	148819571	148819691	exon_9
chr7	148826452	148826631	exon_8
chr7	148827157	148827277	exon_7
chr7	148828738	148828879	exon_6
chr7	148829726	148829846	exon_5
chr7	148832630	148832750	exon_4
chr7	148846472	148846592	exon_3
chr7	148847182	148847302	exon_2
chr7	148884166	148884286	exon_1
chr7	152644878	152649362	exon_3
chr7	152660683	152660803	exon_2
chr7	152676033	152676153	exon_1
chr8	2935359	2938743	exon_70
chr8	2942470	2942603	exon_69
chr8	2949282	2949402	exon_68
chr8	2950225	2950345	exon_67
chr8	2951112	2951274	exon_66
chr8	2954156	2954276	exon_65
chr8	2955587	2955767	exon_64
chr8	2957690	2957810	exon_63
chr8	2961131	2961251	exon_62
chr8	2962464	2962638	exon_61
chr8	2963220	2963394	exon_60
chr8	2965773	2965953	exon_59
chr8	2966568	2966745	exon_58
chr8	2973115	2973298	exon_57
chr8	2974449	2974623	exon_56
chr8	2978610	2978799	exon_55
chr8	2998009	2998183	exon_54
chr8	2999956	3000130	exon_53
chr8	3018475	3018649	exon_52
chr8	3029317	3029512	exon_51
chr8	3052460	3052646	exon_50
chr8	3087095	3087284	exon_49
chr8	3091514	3091661	exon_48
chr8	3096847	3097036	exon_47
chr8	3106523	3106643	exon_46
chr8	3107679	3107799	exon_45
chr8	3108601	3108747	exon_44
chr8	3110156	3110334	exon_43
chr8	3118397	3118586	exon_42
chr8	3142463	3142673	exon_41
chr8	3151393	3151513	exon_40
chr8	3157867	3157987	exon_39
chr8	3162156	3162276	exon_38
chr8	3181100	3181220	exon_37
chr8	3187864	3187984	exon_36
chr8	3188887	3189007	exon_35
chr8	3189910	3190114	exon_34
chr8	3199708	3199828	exon_33
chr8	3201607	3201727	exon_32
chr8	3205500	3205620	exon_31
chr8	3214495	3214690	exon_30
chr8	3219253	3219441	exon_29
chr8	3223727	3223866	exon_28
chr8	3230038	3230230	exon_27
chr8	3284142	3284345	exon_26
chr8	3307696	3307816	exon_25
chr8	3308310	3308502	exon_24
chr8	3343292	3343449	exon_23
chr8	3347990	3348160	exon_22
chr8	3359150	3359339	exon_21
chr8	3367030	3367246	exon_20
chr8	3369250	3369370	exon_19
chr8	3387492	3387681	exon_18
chr8	3396192	3396380	exon_17
chr8	3399389	3399528	exon_16
chr8	3406025	3406220	exon_15
chr8	3407897	3408224	exon_14
chr8	3409421	3409604	exon_13
chr8	3468706	3468826	exon_12
chr8	3493613	3493733	exon_11
chr8	3574944	3575064	exon_10
chr8	3586136	3586256	exon_9
chr8	3616690	3616810	exon_8
chr8	3708375	3708495	exon_7
chr8	3753924	3754044	exon_6
chr8	3997901	3998109	exon_5
chr8	4031903	4032098	exon_4
chr8	4419947	4420067	exon_3
chr8	4637340	4637557	exon_2
chr8	4994330	4994913	exon_1
chr8	76681245	76681619	exon_1
chr8	76704041	76706677	exon_2
chr8	76707544	76708047	exon_3
chr8	76778206	76778438	exon_4
chr8	76833288	76833408	exon_5
chr8	76842651	76842771	exon_6
chr8	76848993	76849127	exon_7
chr8	76849510	76849711	exon_8
chr8	76850242	76850362	exon_9
chr8	76850884	76856299	exon_10
chr8	76863092	76867280	exon_11
chr8	116845932	116847690	exon_14
chr8	116848928	116849048	exon_13
chr8	116850616	116850766	exon_12
chr8	116851946	116852095	exon_11
chr8	116852547	116852707	exon_10
chr8	116854243	116854467	exon_9
chr8	116856165	116856285	exon_8
chr8	116856647	116856767	exon_7
chr8	116857265	116857472	exon_6
chr8	116858343	116858463	exon_5
chr8	116861829	116861949	exon_4
chr8	116863133	116863253	exon_3
chr8	116866584	116866760	exon_2
chr8	116874609	116874775	exon_1
chr8	127736229	127736622	exon_1
chr8	127738246	127739018	exon_2
chr8	127740394	127742950	exon_3
chr9	5066672	5066792	exon_10
chr9	5069020	5069207	exon_11
chr9	5069927	5070047	exon_12
chr9	5072490	5072625	exon_13
chr9	5073694	5073814	exon_14
chr9	5077455	5077575	exon_15
chr9	5078304	5078443	exon_16
chr9	21967766	21968241	exon_3
chr9	21970900	21971207	exon_2
chr9	21974676	21974856	exon_1
chr9	22002901	22006246	exon_2
chr9	22008796	22009304	exon_1
chr9	36833267	36840635	exon_10
chr9	36846835	36846955	exon_9
chr9	36881994	36882114	exon_8
chr9	36923358	36923478	exon_7
chr9	36966547	36966723	exon_6
chr9	37002650	37002770	exon_5
chr9	37006464	37006584	exon_4
chr9	37014995	37015193	exon_3
chr9	37020634	37020800	exon_2
chr9	37033984	37034267	exon_1
chr9	83968081	83969439	exon_17
chr9	83970160	83970330	exon_16
chr9	83970709	83970829	exon_15
chr9	83970793	83970913	exon_14
chr9	83971247	83971367	exon_13
chr9	83971621	83971741	exon_12
chr9	83971880	83972188	exon_11
chr9	83972846	83972966	exon_10
chr9	83973281	83973401	exon_9
chr9	83973865	83973985	exon_8
chr9	83974510	83974630	exon_7
chr9	83975412	83975532	exon_6
chr9	83976953	83977073	exon_5
chr9	83977685	83977805	exon_4
chr9	83978185	83978305	exon_3
chr9	83978351	83978471	exon_2
chr9	83980095	83980215	exon_1
chr9	136494431	136497557	exon_34
chr9	136498894	136499014	exon_33
chr9	136499110	136499258	exon_32
chr9	136500550	136500846	exon_31
chr9	136501746	136501912	exon_30
chr9	136501994	136502114	exon_29
chr9	136502270	136502487	exon_28
chr9	136503180	136503329	exon_27
chr9	136504671	136505103	exon_26
chr9	136505308	136505880	exon_25
chr9	136506521	136506641	exon_24
chr9	136506714	136506972	exon_23
chr9	136507303	136507436	exon_22
chr9	136507953	136508138	exon_21
chr9	136508230	136508384	exon_20
chr9	136508868	136509070	exon_19
chr9	136509731	136509960	exon_18
chr9	136510651	136510804	exon_17
chr9	136511150	136511270	exon_16
chr9	136513016	136513136	exon_15
chr9	136513390	136513536	exon_14
chr9	136514508	136514701	exon_13
chr9	136515283	136515403	exon_12
chr9	136515481	136515715	exon_11
chr9	136515976	136516096	exon_10
chr9	136517267	136517387	exon_9
chr9	136517750	136517936	exon_8
chr9	136518135	136518291	exon_7
chr9	136518589	136518823	exon_6
chr9	136519442	136519562	exon_5
chr9	136522848	136523187	exon_4
chr9	136523715	136523978	exon_3
chr9	136544016	136544136	exon_2
chr9	136545724	136546047	exon_1
chr10	27004114	27005722	exon_34
chr10	27006896	27007016	exon_33
chr10	27012880	27013109	exon_32
chr10	27014492	27014710	exon_31
chr10	27017500	27017791	exon_30
chr10	27028828	27028948	exon_27
chr10	27029261	27029381	exon_26
chr10	27033223	27033376	exon_25
chr10	27034794	27035751	exon_24
chr10	27037184	27037322	exon_23
chr10	27037869	27038053	exon_22
chr10	27039963	27040177	exon_21
chr10	27043424	27043566	exon_20
chr10	27046351	27046522	exon_18
chr10	27048799	27048978	exon_17
chr10	27053318	27053438	exon_16
chr10	27060307	27060427	exon_15
chr10	27060508	27060628	exon_14
chr10	27061125	27061245	exon_13
chr10	27063978	27064098	exon_12
chr10	27066464	27066584	exon_11
chr10	27067160	27067280	exon_10
chr10	27077336	27077539	exon_9
chr10	27077591	27077711	exon_8
chr10	27079050	27079170	exon_7
chr10	27082718	27082838	exon_6
chr10	27092397	27092517	exon_4
chr10	27093347	27093521	exon_3
chr10	27093680	27093800	exon_2
chr10	87863623	87864547	exon_1
chr10	87894005	87894125	exon_2
chr10	87931032	87931152	exon_4
chr10	87933011	87933250	exon_5
chr10	87952116	87952258	exon_6
chr10	87957851	87958018	exon_7
chr10	87960893	87961117	exon_8
chr10	87965285	87971929	exon_9
chr10	110567693	110567830	exon_1
chr10	110568900	110569020	exon_2
chr10	110573680	110573800	exon_3
chr10	110575303	110575423	exon_4
chr10	110577381	110577501	exon_5
chr10	110577808	110577928	exon_6
chr10	110578598	110578718	exon_7
chr10	110580901	110581021	exon_8
chr10	110581921	110582097	exon_9
chr10	110582543	110582663	exon_10
chr10	110583382	110583547	exon_11
chr10	110583840	110583960	exon_12
chr10	110584181	110584395	exon_13
chr10	110589598	110589718	exon_14
chr10	110589888	110590008	exon_15
chr10	110590410	110590571	exon_16
chr10	110590989	110591131	exon_17
chr10	110593071	110593222	exon_18
chr10	110596396	110596549	exon_19
chr10	110598137	110598289	exon_20
chr10	110599652	110599811	exon_21
chr10	110600431	110600551	exon_22
chr10	110601014	110601134	exon_23
chr10	110601635	110601883	exon_24
chr10	110601964	110602177	exon_25
chr10	110602472	110602664	exon_26
chr10	110602823	110603001	exon_27
chr10	110603175	110603295	exon_28
chr10	110604229	110606047	exon_29
chr11	532240	532521	exon_6
chr11	532631	532751	exon_5
chr11	533451	533611	exon_4
chr11	533764	533943	exon_3
chr11	534210	534374	exon_2
chr11	535414	535591	exon_1
chr11	14277920	14279423	exon_6
chr11	14281599	14281719	exon_5
chr11	14294463	14294583	exon_4
chr11	14294750	14294870	exon_3
chr11	14295749	14295869	exon_2
chr11	14358761	14359182	exon_1
chr11	32387773	32389178	exon_10
chr11	32391964	32392084	exon_9
chr11	32392649	32392769	exon_8
chr11	32396255	32396406	exon_7
chr11	32399947	32400067	exon_6
chr11	32416456	32416576	exon_5
chr11	32417542	32417662	exon_4
chr11	32427947	32428067	exon_3
chr11	32428496	32428616	exon_2
chr11	32434698	32435538	exon_1
chr11	64764604	64766154	exon_13
chr11	64766898	64767078	exon_12
chr11	64767175	64767295	exon_11
chr11	64767569	64767843	exon_10
chr11	64768104	64768285	exon_9
chr11	64769014	64769134	exon_8
chr11	64769219	64769339	exon_7
chr11	64769424	64769608	exon_6
chr11	64769960	64770080	exon_5
chr11	64770254	64770407	exon_4
chr11	64773411	64773531	exon_3
chr11	64776500	64776620	exon_2
chr11	64778360	64778541	exon_1
chr11	86244751	86245342	exon_1
chr11	86250294	86250447	exon_2
chr11	86252144	86252264	exon_3
chr11	86255184	86255304	exon_4
chr11	86256388	86256508	exon_5
chr11	86257508	86257628	exon_6
chr11	86264170	86264290	exon_7
chr11	86266081	86266215	exon_8
chr11	86268447	86268567	exon_9
chr11	86276978	86277137	exon_10
chr11	86277916	86278036	exon_11
chr11	86278397	86278809	exon_12
chr11	102317451	102317571	exon_1
chr11	102321835	102325361	exon_2
chr11	102325446	102325566	exon_3
chr11	102328049	102328169	exon_4
chr11	102328890	102329010	exon_5
chr11	102330997	102331240	exon_6
chr11	102335964	102336219	exon_7
chr11	102336697	102336817	exon_8
chr11	102336907	102339402	exon_9
chr11	108223065	108223185	exon_1
chr11	108227588	108227708	exon_2
chr11	108227770	108227890	exon_3
chr11	108229176	108229322	exon_4
chr11	108235668	108235833	exon_5
chr11	108243951	108244117	exon_6
chr11	108244786	108245025	exon_7
chr11	108246962	108247126	exon_8
chr11	108248931	108249101	exon_9
chr11	108250699	108251071	exon_10
chr11	108251835	108252030	exon_11
chr11	108252802	108252922	exon_12
chr11	108253812	108254038	exon_13
chr11	108256216	108256336	exon_14
chr11	108257482	108257602	exon_15
chr11	108258981	108259101	exon_16
chr11	108267169	108267341	exon_17
chr11	108268408	108268608	exon_18
chr11	108271027	108271147	exon_19
chr11	108271249	108271405	exon_20
chr11	108272519	108272639	exon_21
chr11	108272725	108272845	exon_22
chr11	108279488	108279608	exon_23
chr11	108280993	108281167	exon_24
chr11	108282708	108282878	exon_25
chr11	108284225	108284472	exon_26
chr11	108287596	108287716	exon_27
chr11	108288978	108289098	exon_28
chr11	108289600	108289800	exon_29
chr11	108292617	108292792	exon_30
chr11	108293311	108293476	exon_31
chr11	108294925	108295058	exon_32
chr11	108297285	108297405	exon_33
chr11	108299712	108299884	exon_34
chr11	108301646	108301788	exon_35
chr11	108302851	108303028	exon_36
chr11	108304673	108304851	exon_37
chr11	108307865	108307985	exon_38
chr11	108310158	108310314	exon_39
chr11	108312393	108312513	exon_40
chr11	108315803	108315923	exon_41
chr11	108316009	108316129	exon_42
chr11	108317371	108317520	exon_43
chr11	108319944	108320064	exon_44
chr11	108321299	108321419	exon_45
chr11	108325308	108325543	exon_46
chr11	108326056	108326224	exon_47
chr11	108327640	108327760	exon_48
chr11	108329019	108329237	exon_49
chr11	108330212	108330420	exon_50
chr11	108331439	108331559	exon_51
chr11	108331877	108332036	exon_52
chr11	108332760	108332899	exon_53
chr11	108333850	108333970	exon_54
chr11	108334967	108335108	exon_55
chr11	108335841	108335961	exon_56
chr11	108343220	108343370	exon_57
chr11	108345741	108345907	exon_58
chr11	108347251	108347371	exon_59
chr11	108353761	108353881	exon_60
chr11	108354755	108354875	exon_61
chr11	108365080	108365217	exon_62
chr11	108365323	108369101	exon_63
chr11	118436490	118436943	exon_1
chr11	118468762	118468882	exon_2
chr11	118471660	118474314	exon_3
chr11	118476803	118476981	exon_4
chr11	118477965	118478200	exon_5
chr11	118480158	118480278	exon_6
chr11	118481713	118482091	exon_7
chr11	118482419	118482539	exon_8
chr11	118484181	118484313	exon_9
chr11	118484857	118484977	exon_10
chr11	118488612	118488759	exon_11
chr11	118489787	118489907	exon_12
chr11	118490127	118490247	exon_13
chr11	118491195	118491315	exon_14
chr11	118491742	118491927	exon_15
chr11	118493055	118493229	exon_16
chr11	118494281	118494401	exon_17
chr11	118494690	118494810	exon_18
chr11	118495698	118495892	exon_19
chr11	118496252	118496372	exon_20
chr11	118497934	118498072	exon_21
chr11	118498368	118498527	exon_22
chr11	118499300	118499420	exon_23
chr11	118499827	118499947	exon_24
chr11	118500985	118501146	exon_25
chr11	118501670	118501856	exon_26
chr11	118502396	118506645	exon_27
chr11	118507520	118507640	exon_28
chr11	118509130	118509250	exon_29
chr11	118509946	118510117	exon_30
chr11	118511941	118512061	exon_31
chr11	118519616	118519791	exon_32
chr11	118519949	118520069	exon_33
chr11	118520783	118520903	exon_34
chr11	118521291	118521411	exon_35
chr11	118521895	118526831	exon_36
chr11	119206337	119206611	exon_1
chr11	119232446	119232694	exon_2
chr11	119271733	119271880	exon_3
chr11	119273866	119274023	exon_4
chr11	119274831	119274951	exon_5
chr11	119275995	119276133	exon_6
chr11	119277732	119277852	exon_7
chr11	119278164	119278296	exon_8
chr11	119278508	119278712	exon_9
chr11	119284967	119285099	exon_10
chr11	119285187	119285565	exon_11
chr11	119287842	119287962	exon_12
chr11	119296914	119297034	exon_13
chr11	119297362	119297482	exon_14
chr11	119298356	119298539	exon_15
chr11	119299493	119308148	exon_16
chr12	11649672	11650159	exon_1
chr12	11752453	11752573	exon_2
chr12	11839138	11839303	exon_3
chr12	11853425	11853560	exon_4
chr12	11869422	11869968	exon_5
chr12	11884443	11884586	exon_6
chr12	11885917	11886037	exon_7
chr12	11890939	11895376	exon_8
chr12	12717366	12718313	exon_1
chr12	12718828	12718948	exon_2
chr12	12721034	12722368	exon_3
chr12	22625169	22625585	exon_1
chr12	22643761	22644021	exon_2
chr12	22659012	22659153	exon_3
chr12	22661061	22661204	exon_4
chr12	22671252	22671372	exon_5
chr12	22673498	22673659	exon_6
chr12	22684480	22684600	exon_7
chr12	22684880	22690664	exon_8
chr12	25205244	25209910	exon_5
chr12	25225612	25225772	exon_4
chr12	25227232	25227411	exon_3
chr12	25245273	25245393	exon_2
chr12	25250749	25250928	exon_1
chr12	49623516	49623636	exon_1
chr12	49630522	49630642	exon_2
chr12	49631399	49631543	exon_3
chr12	49631819	49631939	exon_4
chr12	49632514	49632634	exon_5
chr12	49632825	49632945	exon_6
chr12	49633007	49633127	exon_7
chr12	49633425	49633545	exon_8
chr12	49633588	49633708	exon_9
chr12	49633884	49634091	exon_10
chr12	49634332	49634452	exon_11
chr12	49634521	49634641	exon_12
chr12	49635097	49635262	exon_13
chr12	49635357	49635477	exon_14
chr12	49635841	49635992	exon_15
chr12	49636714	49636848	exon_16
chr12	49637465	49637585	exon_17
chr12	49637707	49637827	exon_18
chr12	49641904	49642024	exon_19
chr12	49642233	49642371	exon_20
chr12	49642570	49642690	exon_21
chr12	49642921	49643041	exon_22
chr12	49643221	49643396	exon_23
chr12	49643689	49643809	exon_24
chr12	49643859	49644003	exon_25
chr12	49644098	49644664	exon_26
chr12	54292109	54293380	exon_3
chr12	54295133	54295303	exon_2
chr12	54300799	54301014	exon_1
chr12	92140276	92144446	exon_2
chr12	92145386	92145845	exon_1
chr12	111405921	111406276	exon_1
chr12	111418117	111418876	exon_2
chr12	111446752	111446872	exon_3
chr12	111446920	111447040	exon_4
chr12	111447113	111447233	exon_5
chr12	111447328	111447543	exon_6
chr12	111447654	111447826	exon_7
chr12	111447981	111451622	exon_8
chr12	112418945	112419124	exon_1
chr12	112446275	112446395	exon_2
chr12	112450316	112450511	exon_3
chr12	112453193	112453386	exon_4
chr12	112454560	112454680	exon_5
chr12	112455945	112456065	exon_6
chr12	112472939	112473059	exon_7
chr12	112477611	112477731	exon_8
chr12	112477855	112478014	exon_9
chr12	112482072	112482204	exon_10
chr12	112486473	112486628	exon_11
chr12	112488415	112488535	exon_12
chr12	112489022	112489174	exon_13
chr12	112502138	112502258	exon_14
chr12	112504681	112504801	exon_15
chr12	112505823	112509917	exon_16
chr12	121803993	121804248	exon_1
chr12	121804722	121804910	exon_2
chr12	121805102	121805222	exon_3
chr12	121805833	121806104	exon_4
chr12	121808202	121808322	exon_5
chr12	121809601	121810834	exon_6
chr12	121814104	121814929	exon_7
chr12	121817031	121817293	exon_8
chr12	121817368	121817703	exon_9
chr12	121817790	121817910	exon_10
chr12	121819402	121819894	exon_11
chr12	121822488	121823748	exon_12
chr12	121825198	121825365	exon_13
chr12	121827517	121827649	exon_14
chr12	121827733	121827853	exon_15
chr12	121827931	121828069	exon_16
chr12	121830064	121832655	exon_17
chr13	28003272	28004173	exon_24
chr13	28014443	28014563	exon_23
chr13	28015143	28015263	exon_22
chr13	28015584	28015704	exon_21
chr13	28018466	28018586	exon_20
chr13	28023352	28023472	exon_19
chr13	28024824	28024944	exon_18
chr13	28027086	28027240	exon_17
chr13	28028171	28028291	exon_16
chr13	28033877	28033997	exon_15
chr13	28034080	28034213	exon_14
chr13	28034292	28034412	exon_13
chr13	28035493	28035672	exon_12
chr13	28035927	28036047	exon_11
chr13	28037169	28037289	exon_10
chr13	28048273	28048442	exon_9
chr13	28049382	28049536	exon_8
chr13	28049633	28049773	exon_7
chr13	28050097	28050217	exon_6
chr13	28052548	28052668	exon_5
chr13	28057343	28057463	exon_4
chr13	28061865	28062068	exon_3
chr13	28070490	28070610	exon_2
chr13	28100460	28100580	exon_1
chr13	108207440	108211295	exon_3
chr13	108214515	108214635	exon_2
chr13	108215440	108215560	exon_1
chr14	99169285	99176194	exon_4
chr14	99231343	99231556	exon_3
chr14	99257469	99257838	exon_2
chr14	99271159	99272196	exon_1
chr14	104769347	104770419	exon_15
chr14	104770737	104770857	exon_14
chr14	104772360	104772480	exon_13
chr14	104772876	104773091	exon_12
chr14	104773253	104773373	exon_11
chr14	104773456	104773576	exon_10
chr14	104773884	104774004	exon_9
chr14	104774909	104775029	exon_8
chr14	104775074	104775206	exon_7
chr14	104775650	104775798	exon_6
chr14	104776653	104776773	exon_5
chr14	104780090	104780210	exon_4
chr14	104792598	104792718	exon_3
chr14	104793125	104793303	exon_2
chr15	40695172	40695424	exon_1
chr15	40698750	40698870	exon_2
chr15	40701062	40701200	exon_3
chr15	40706174	40706294	exon_4
chr15	40709011	40709131	exon_5
chr15	40718789	40718909	exon_6
chr15	40728706	40728826	exon_7
chr15	40729508	40729628	exon_8
chr15	40729852	40729972	exon_9
chr15	40731053	40732339	exon_10
chr15	66386910	66387426	exon_1
chr15	66435025	66435236	exon_2
chr15	66436744	66436891	exon_3
chr15	66443247	66443367	exon_4
chr15	66444615	66444735	exon_5
chr15	66481755	66481875	exon_6
chr15	66484988	66485190	exon_7
chr15	66487223	66487343	exon_8
chr15	66489210	66489330	exon_9
chr15	66489666	66489786	exon_10
chr15	66490500	66491543	exon_11
chr16	14435699	14436771	exon_24
chr16	14446886	14447080	exon_23
chr16	14482636	14482826	exon_22
chr16	14552019	14552139	exon_21
chr16	14554041	14554161	exon_20
chr16	14555594	14555714	exon_19
chr16	14580824	14580944	exon_18
chr16	14582174	14582294	exon_17
chr16	14584319	14584439	exon_16
chr16	14584673	14584793	exon_15
chr16	14586288	14586408	exon_14
chr16	14593278	14593398	exon_13
chr16	14599845	14599965	exon_12
chr16	14604107	14604227	exon_11
chr16	14606459	14606579	exon_10
chr16	14608236	14608356	exon_9
chr16	14609010	14609130	exon_8
chr16	14610642	14610808	exon_7
chr16	14617575	14617695	exon_6
chr16	14627096	14627216	exon_5
chr16	14627227	14627347	exon_4
chr16	14628136	14628256	exon_3
chr16	14629577	14629697	exon_2
chr16	14630105	14630259	exon_1
chr16	67562524	67562723	exon_1
chr16	67571144	67571264	exon_2
chr16	67610822	67611612	exon_3
chr16	67611949	67612120	exon_4
chr16	67616743	67616877	exon_5
chr16	67620695	67620815	exon_6
chr16	67621440	67621590	exon_7
chr16	67626553	67626714	exon_8
chr16	67628368	67628551	exon_9
chr16	67629396	67629532	exon_10
chr16	67636688	67636850	exon_11
chr16	67637686	67639176	exon_12
chr16	81779289	81779423	exon_1
chr16	81785941	81786181	exon_2
chr16	81854442	81854586	exon_3
chr16	81858246	81858366	exon_4
chr16	81859110	81859230	exon_5
chr16	81869179	81869299	exon_6
chr16	81870846	81870966	exon_7
chr16	81880876	81880996	exon_8
chr16	81883223	81883343	exon_9
chr16	81889168	81889288	exon_10
chr16	81891469	81891589	exon_11
chr16	81893691	81893811	exon_12
chr16	81895805	81895925	exon_13
chr16	81900610	81900779	exon_14
chr16	81905393	81905513	exon_15
chr16	81907660	81907780	exon_16
chr16	81908414	81908590	exon_17
chr16	81910518	81910719	exon_18
chr16	81912595	81912715	exon_19
chr16	81919482	81919663	exon_20
chr16	81921193	81921313	exon_21
chr16	81923478	81923598	exon_22
chr16	81927066	81927186	exon_23
chr16	81928556	81928676	exon_24
chr16	81931495	81931653	exon_25
chr16	81934413	81934533	exon_26
chr16	81936167	81936377	exon_27
chr16	81937756	81937902	exon_28
chr16	81938796	81938916	exon_29
chr16	81939890	81940058	exon_30
chr16	81946145	81946265	exon_31
chr16	81956693	81956878	exon_32
chr16	81957954	81962684	exon_33
chr17	1650627	1650955	exon_43
chr17	1651106	1651309	exon_42
chr17	1651412	1651552	exon_41
chr17	1651646	1651787	exon_40
chr17	1653540	1653682	exon_39
chr17	1653775	1654015	exon_38
chr17	1655348	1655542	exon_37
chr17	1656390	1656564	exon_36
chr17	1656643	1656763	exon_35
chr17	1658255	1658375	exon_34
chr17	1658524	1658762	exon_33
chr17	1659355	1659547	exon_32
chr17	1659839	1660000	exon_31
chr17	1660430	1660577	exon_30
chr17	1660701	1660821	exon_29
chr17	1660991	1661161	exon_28
chr17	1661269	1661405	exon_27
chr17	1661609	1661789	exon_26
chr17	1661904	1662152	exon_25
chr17	1673077	1673197	exon_24
chr17	1673355	1673566	exon_23
chr17	1673744	1673891	exon_22
chr17	1674440	1674679	exon_21
chr17	1675150	1675338	exon_20
chr17	1675618	1675811	exon_19
chr17	1675929	1676049	exon_18
chr17	1676205	1676369	exon_17
chr17	1676503	1676710	exon_16
chr17	1676974	1677171	exon_15
chr17	1677568	1677688	exon_14
chr17	1678516	1678651	exon_13
chr17	1678760	1678880	exon_12
chr17	1679015	1679205	exon_11
chr17	1679289	1679409	exon_10
chr17	1679607	1679798	exon_9
chr17	1680717	1680837	exon_8
chr17	1680930	1681050	exon_7
chr17	1681476	1681689	exon_6
chr17	1681818	1682037	exon_5
chr17	1682127	1682292	exon_4
chr17	1683531	1683700	exon_3
chr17	1684465	1684585	exon_2
chr17	1684777	1684897	exon_1
chr17	7668419	7669689	exon_11
chr17	7670600	7670720	exon_10
chr17	7673512	7673632	exon_9
chr17	7673699	7673836	exon_8
chr17	7674174	7674294	exon_7
chr17	7674853	7674973	exon_6
chr17	7675051	7675235	exon_5
chr17	7675992	7676271	exon_4
chr17	7676344	7676464	exon_3
chr17	7676516	7676636	exon_2
chr17	7687372	7687492	exon_1
chr17	7834215	7834349	exon_1
chr17	7839903	7840023	exon_2
chr17	7844899	7845019	exon_3
chr17	7845312	7845455	exon_4
chr17	7845548	7845690	exon_5
chr17	7845871	7845991	exon_6
chr17	7846076	7846296	exon_7
chr17	7846396	7846516	exon_8
chr17	7846577	7846739	exon_9
chr17	7846817	7847015	exon_10
chr17	7847103	7847451	exon_11
chr17	7847544	7849727	exon_12
chr17	7849822	7849942	exon_13
chr17	7850063	7850183	exon_14
chr17	7851019	7851225	exon_15
chr17	7851311	7851431	exon_16
chr17	7851436	7851556	exon_17
chr17	7851646	7851795	exon_18
chr17	7851946	7852066	exon_19
chr17	7852147	7852335	exon_20
chr17	7852493	7852635	exon_21
chr17	7853001	7853121	exon_22
chr17	7853208	7853379	exon_23
chr17	7853496	7854795	exon_24
chr17	31094975	31095368	exon_1
chr17	31155981	31156125	exon_2
chr17	31159002	31159122	exon_3
chr17	31163184	31163375	exon_4
chr17	31169882	31170002	exon_5
chr17	31181389	31181509	exon_6
chr17	31181677	31181797	exon_7
chr17	31182506	31182664	exon_8
chr17	31200420	31200594	exon_9
chr17	31201036	31201156	exon_10
chr17	31201386	31201506	exon_11
chr17	31206238	31206370	exon_12
chr17	31214449	31214584	exon_13
chr17	31219000	31219120	exon_14
chr17	31221849	31221969	exon_15
chr17	31223444	31223564	exon_16
chr17	31225093	31225249	exon_17
chr17	31226433	31226683	exon_18
chr17	31227198	31227318	exon_19
chr17	31227521	31227641	exon_20
chr17	31229023	31229464	exon_21
chr17	31229833	31229973	exon_22
chr17	31230259	31230379	exon_23
chr17	31230807	31230927	exon_24
chr17	31232070	31232190	exon_25
chr17	31232698	31232880	exon_26
chr17	31233000	31233212	exon_27
chr17	31235609	31235771	exon_28
chr17	31235902	31236022	exon_29
chr17	31248982	31249118	exon_30
chr17	31252896	31253016	exon_31
chr17	31258342	31258501	exon_32
chr17	31259025	31259145	exon_33
chr17	31260367	31260514	exon_34
chr17	31261709	31261856	exon_35
chr17	31265222	31265342	exon_36
chr17	31325818	31326251	exon_37
chr17	31327497	31327838	exon_38
chr17	31330294	31330497	exon_39
chr17	31334836	31335030	exon_40
chr17	31336331	31336472	exon_41
chr17	31336633	31336913	exon_42
chr17	31337366	31337581	exon_43
chr17	31337770	31337890	exon_44
chr17	31338020	31338140	exon_45
chr17	31338695	31338815	exon_46
chr17	31340503	31340644	exon_47
chr17	31343010	31343130	exon_48
chr17	31349118	31349250	exon_49
chr17	31350181	31350317	exon_50
chr17	31352255	31352413	exon_51
chr17	31356459	31356579	exon_52
chr17	31356963	31357083	exon_53
chr17	31357256	31357376	exon_54
chr17	31358478	31358621	exon_55
chr17	31358961	31359081	exon_56
chr17	31360485	31360702	exon_57
chr17	31374011	31377674	exon_58
chr17	31936991	31937519	exon_1
chr17	31940217	31940337	exon_2
chr17	31940406	31940526	exon_3
chr17	31947574	31947694	exon_4
chr17	31966145	31966265	exon_5
chr17	31973128	31973248	exon_6
chr17	31975480	31975712	exon_7
chr17	31976518	31976638	exon_8
chr17	31982990	31983110	exon_9
chr17	31988318	31988496	exon_10
chr17	31993233	31993353	exon_11
chr17	31993863	31994007	exon_12
chr17	31994562	31994720	exon_13
chr17	31995562	31995761	exon_14
chr17	31996763	31996883	exon_15
chr17	31998656	32001037	exon_16
chr17	42199175	42201863	exon_19
chr17	42202332	42202452	exon_18
chr17	42202714	42202834	exon_17
chr17	42207556	42207727	exon_16
chr17	42210174	42210294	exon_15
chr17	42210396	42210516	exon_14
chr17	42211982	42212189	exon_13
chr17	42216002	42216122	exon_12
chr17	42217159	42217279	exon_11
chr17	42217352	42217472	exon_10
chr17	42218149	42218329	exon_9
chr17	42218721	42218877	exon_8
chr17	42219310	42219462	exon_7
chr17	42219715	42219835	exon_6
chr17	42223380	42223555	exon_5
chr17	42224764	42224884	exon_4
chr17	42227527	42227684	exon_3
chr17	42231998	42232136	exon_2
chr17	42276246	42276390	exon_1
chr17	42313322	42315799	exon_24
chr17	42316783	42316903	exon_23
chr17	42317112	42317232	exon_22
chr17	42322280	42322493	exon_21
chr17	42323002	42323142	exon_20
chr17	42323242	42323362	exon_19
chr17	42323508	42323628	exon_18
chr17	42324709	42324845	exon_17
chr17	42324943	42325063	exon_16
chr17	42326096	42326216	exon_15
chr17	42329372	42329492	exon_14
chr17	42329530	42329650	exon_13
chr17	42329677	42329797	exon_12
chr17	42331412	42331532	exon_11
chr17	42333662	42333782	exon_10
chr17	42333889	42334048	exon_9
chr17	42337433	42337585	exon_8
chr17	42337755	42337875	exon_7
chr17	42338697	42338817	exon_6
chr17	42339300	42339420	exon_5
chr17	42345554	42345674	exon_4
chr17	42346567	42346712	exon_3
chr17	42348387	42348538	exon_2
chr17	42388277	42388441	exon_1
chr17	44205038	44207366	exon_21
chr17	44207452	44207596	exon_20
chr17	44207690	44207810	exon_19
chr17	44207843	44207963	exon_18
chr17	44209350	44209540	exon_17
chr17	44209629	44209749	exon_16
chr17	44210117	44210237	exon_15
chr17	44210316	44210472	exon_14
chr17	44210790	44210946	exon_13
chr17	44211034	44211154	exon_12
chr17	44211272	44211392	exon_11
chr17	44211604	44211746	exon_10
chr17	44211871	44212005	exon_9
chr17	44212337	44212457	exon_8
chr17	44212817	44212937	exon_7
chr17	44213207	44213327	exon_6
chr17	44215652	44215808	exon_5
chr17	44215900	44216020	exon_4
chr17	44216527	44216703	exon_3
chr17	44218172	44218292	exon_2
chr17	44219443	44219674	exon_1
chr17	58692600	58692787	exon_1
chr17	58694929	58695188	exon_2
chr17	58696691	58696858	exon_3
chr17	58703194	58703328	exon_4
chr17	58709857	58709989	exon_5
chr17	58720708	58720828	exon_6
chr17	58723997	58724117	exon_7
chr17	58732469	58732589	exon_8
chr17	58734116	58735622	exon_9
chr17	60600191	60600885	exon_1
chr17	60623519	60623748	exon_2
chr17	60633853	60633973	exon_3
chr17	60647890	60648081	exon_4
chr17	60656597	60656840	exon_5
chr17	60662993	60666279	exon_6
chr17	76734113	76735157	exon_3
chr17	76736152	76736463	exon_2
chr17	76736797	76737330	exon_1
chr18	44680886	44681020	exon_1
chr18	44701173	44701831	exon_2
chr18	44869225	44869345	exon_3
chr18	44949879	44953339	exon_4
chr18	45038483	45038654	exon_5
chr18	45063077	45068509	exon_6
chr18	63123344	63128758	exon_3
chr18	63318080	63318951	exon_2
chr18	63319172	63319768	exon_1
chr19	852296	852416	exon_1
chr19	852874	853031	exon_2
chr19	853260	853402	exon_3
chr19	855562	855793	exon_4
chr19	855956	856242	exon_5
chr19	4043287	4048243	exon_3
chr19	4053969	4055246	exon_2
chr19	4066680	4066898	exon_1
chr19	10133344	10133700	exon_41
chr19	10134209	10134329	exon_40
chr19	10135732	10135852	exon_39
chr19	10136119	10136286	exon_38
chr19	10137083	10137279	exon_37
chr19	10137830	10138008	exon_36
chr19	10138437	10138604	exon_35
chr19	10139674	10139816	exon_34
chr19	10140044	10140327	exon_33
chr19	10140783	10140903	exon_32
chr19	10141099	10141219	exon_31
chr19	10142026	10142219	exon_30
chr19	10143764	10143986	exon_29
chr19	10146349	10146523	exon_28
chr19	10148882	10149016	exon_27
chr19	10149451	10149656	exon_26
chr19	10149849	10149969	exon_25
chr19	10151396	10151544	exon_24
chr19	10151743	10151863	exon_23
chr19	10154291	10154478	exon_22
chr19	10154584	10154772	exon_21
chr19	10154903	10155055	exon_20
chr19	10155834	10155954	exon_19
chr19	10156388	10156508	exon_18
chr19	10159651	10159771	exon_17
chr19	10159824	10159944	exon_16
chr19	10159972	10160092	exon_15
chr19	10160378	10160498	exon_14
chr19	10162652	10162772	exon_13
chr19	10163271	10163391	exon_12
chr19	10166576	10166696	exon_11
chr19	10168264	10168384	exon_10
chr19	10173080	10173200	exon_9
chr19	10173859	10173979	exon_8
chr19	10175515	10175635	exon_7
chr19	10177248	10177368	exon_6
chr19	10180348	10180568	exon_4
chr19	10180770	10180890	exon_3
chr19	10181981	10182101	exon_2
chr19	10194818	10194952	exon_1
chr19	11377205	11378594	exon_8
chr19	11378687	11378807	exon_7
chr19	11380868	11380988	exon_6
chr19	11381054	11381208	exon_5
chr19	11381690	11381848	exon_4
chr19	11381928	11382104	exon_3
chr19	11383095	11383231	exon_2
chr19	11384091	11384313	exon_1
chr19	12943711	12944488	exon_9
chr19	15159036	15161713	exon_33
chr19	15162454	15162574	exon_32
chr19	15165366	15165514	exon_31
chr19	15165785	15166090	exon_30
chr19	15167247	15167410	exon_29
chr19	15170079	15170199	exon_28
chr19	15170329	15170552	exon_27
chr19	15170669	15170824	exon_26
chr19	15174066	15174399	exon_25
chr19	15177523	15178089	exon_24
chr19	15178820	15178940	exon_23
chr19	15179023	15179281	exon_22
chr19	15179362	15179495	exon_21
chr19	15180070	15180255	exon_20
chr19	15180679	15180827	exon_19
chr19	15180959	15181161	exon_18
chr19	15181574	15181800	exon_17
chr19	15184293	15184449	exon_16
chr19	15184901	15185021	exon_15
chr19	15185255	15185407	exon_14
chr19	15185485	15185678	exon_13
chr19	15186871	15186991	exon_12
chr19	15187103	15187337	exon_11
chr19	15187876	15187996	exon_10
chr19	15188230	15188350	exon_9
chr19	15188987	15189173	exon_8
chr19	15189271	15189427	exon_7
chr19	15191422	15191656	exon_6
chr19	15191744	15191864	exon_5
chr19	15191958	15192297	exon_4
chr19	15192375	15192518	exon_3
chr19	15197489	15197609	exon_2
chr19	15200786	15200994	exon_1
chr19	23357694	23362724	exon_4
chr19	23373720	23373840	exon_3
chr19	23395323	23395470	exon_1
chr19	33299932	33302533	exon_1
chr19	49635290	49635659	exon_6
chr19	49635731	49635851	exon_5
chr19	49636611	49636731	exon_4
chr19	49636817	49636937	exon_3
chr19	49637014	49637134	exon_2
chr19	49639944	49640142	exon_1
chr19	55655032	55655152	exon_1
chr19	55659208	55659344	exon_2
chr19	55660152	55660272	exon_3
chr19	55660504	55660624	exon_4
chr19	55661036	55661188	exon_5
chr19	55662498	55662618	exon_6
chr19	55663604	55663743	exon_7
chr19	55668473	55668593	exon_8
chr19	55668669	55668789	exon_9
chr19	55669073	55669193	exon_10
chr19	55669442	55669691	exon_11
chr19	55673932	55674715	exon_12
chr20	32358329	32358831	exon_1
chr20	32366377	32366497	exon_2
chr20	32367668	32367788	exon_3
chr20	32369007	32369127	exon_4
chr20	32428126	32428246	exon_5
chr20	32428320	32428440	exon_6
chr20	32429324	32429444	exon_7
chr20	32429899	32430052	exon_8
chr20	32431319	32431483	exon_9
chr20	32431570	32431690	exon_10
chr20	32432871	32432991	exon_11
chr20	32433282	32433916	exon_12
chr20	32434430	32439318	exon_13
chr20	58891420	58891864	exon_1
chr20	58895607	58895727	exon_2
chr20	58898896	58899016	exon_3
chr20	58903509	58903629	exon_4
chr20	58903670	58903790	exon_5
chr20	58905369	58905489	exon_6
chr20	58909100	58909220	exon_7
chr20	58909311	58909431	exon_8
chr20	58909514	58909634	exon_9
chr20	58909682	58909802	exon_10
chr20	58909954	58910074	exon_11
chr20	58910309	58910429	exon_12
chr20	58910681	58911080	exon_13
chr21	34787799	34792609	exon_9
chr21	34799299	34799461	exon_8
chr21	34834408	34834600	exon_7
chr21	34859464	34859584	exon_6
chr21	34880555	34880712	exon_5
chr21	34886841	34887095	exon_4
chr21	34892906	34893026	exon_3
chr21	35048838	35048958	exon_2
chr21	35049166	35049301	exon_1
chr21	38380034	38383922	exon_10
chr21	38390980	38391100	exon_9
chr21	38391607	38391727	exon_8
chr21	38392360	38392480	exon_7
chr21	38400529	38400649	exon_6
chr21	38402519	38402639	exon_5
chr21	38403504	38403708	exon_4
chr21	38423408	38423560	exon_3
chr21	38445402	38445620	exon_2
chr21	38498358	38498478	exon_1
chr21	43092954	43093248	exon_8
chr21	43094445	43094565	exon_7
chr21	43094653	43094787	exon_6
chr21	43095434	43095554	exon_5
chr21	43095648	43095768	exon_4
chr21	43100408	43100528	exon_3
chr21	43104302	43104422	exon_2
chr21	43107449	43107569	exon_1
chr22	27748275	27751095	exon_2
chr22	27796761	27801755	exon_1
chr22	30331986	30334694	exon_16
chr22	30335441	30335561	exon_15
chr22	30335641	30335761	exon_14
chr22	30337024	30337179	exon_13
chr22	30337688	30337896	exon_12
chr22	30338787	30339033	exon_11
chr22	30339129	30339249	exon_10
chr22	30340194	30340380	exon_9
chr22	30340692	30340812	exon_8
chr22	30341690	30341884	exon_7
chr22	30342198	30342349	exon_6
chr22	30342762	30342882	exon_5
chr22	30344931	30345189	exon_4
chr22	30346310	30346518	exon_3
chr22	30352950	30353070	exon_2
chr22	30356728	30356893	exon_1
chrX	15319454	15321771	exon_6
chrX	15324663	15324870	exon_5
chrX	15325018	15325151	exon_4
chrX	15325912	15326045	exon_3
chrX	15331214	15331991	exon_2
chrX	15335463	15335583	exon_1
chrX	15790439	15790559	exon_1
chrX	15790900	15791020	exon_2
chrX	15799865	15799985	exon_3
chrX	15803680	15803800	exon_4
chrX	15804109	15804229	exon_5
chrX	15808153	15808273	exon_6
chrX	15809197	15809317	exon_7
chrX	15815675	15815889	exon_8
chrX	15818561	15818681	exon_9
chrX	15820200	15820320	exon_10
chrX	15822729	15823259	exon_11
chrX	40051249	40052399	exon_15
chrX	40053884	40054041	exon_14
chrX	40054223	40054343	exon_13
chrX	40055366	40055512	exon_12
chrX	40057153	40057320	exon_11
chrX	40062137	40062392	exon_10
chrX	40062744	40063070	exon_9
chrX	40063606	40063951	exon_8
chrX	40064334	40064598	exon_7
chrX	40070971	40071158	exon_6
chrX	40071619	40071739	exon_5
chrX	40072347	40075179	exon_4
chrX	40076416	40076536	exon_3
chrX	40077845	40077965	exon_2
chrX	40097213	40097957	exon_1
chrX	41334160	41334296	exon_1
chrX	41337370	41337490	exon_2
chrX	41339030	41339150	exon_3
chrX	41341482	41341615	exon_4
chrX	41342493	41342652	exon_5
chrX	41342733	41342853	exon_6
chrX	41343214	41343350	exon_7
chrX	41343707	41343827	exon_8
chrX	41344027	41344147	exon_9
chrX	41344237	41344398	exon_10
chrX	41345178	41345323	exon_11
chrX	41345402	41345547	exon_12
chrX	41346227	41346409	exon_13
chrX	41346502	41346622	exon_14
chrX	41346857	41347011	exon_15
chrX	41347310	41347450	exon_16
chrX	41347638	41350273	exon_17
chrX	44873186	44873711	exon_1
chrX	44873882	44874002	exon_2
chrX	44961276	44961396	exon_3
chrX	44974641	44974761	exon_4
chrX	45010945	45011065	exon_5
chrX	45020608	45020728	exon_6
chrX	45034911	45035031	exon_7
chrX	45037575	45037695	exon_8
chrX	45051683	45051803	exon_9
chrX	45053830	45053950	exon_10
chrX	45058991	45059111	exon_11
chrX	45059245	45059465	exon_12
chrX	45060020	45060155	exon_13
chrX	45060607	45060763	exon_14
chrX	45061310	45061430	exon_15
chrX	45062639	45062759	exon_16
chrX	45063420	45063816	exon_17
chrX	45069577	45070356	exon_18
chrX	45076700	45076820	exon_19
chrX	45078391	45078511	exon_20
chrX	45079144	45079350	exon_21
chrX	45082528	45082648	exon_22
chrX	45082681	45082801	exon_23
chrX	45083458	45083607	exon_24
chrX	45085860	45085980	exon_25
chrX	45089741	45089929	exon_26
chrX	45090721	45090863	exon_27
chrX	45107411	45107531	exon_28
chrX	45110077	45110248	exon_29
chrX	45111380	45112778	exon_30
chrX	47193827	47194023	exon_1
chrX	47198799	47198919	exon_2
chrX	47198990	47199110	exon_3
chrX	47199207	47199376	exon_4
chrX	47199478	47199613	exon_5
chrX	47200885	47201005	exon_6
chrX	47201260	47201380	exon_7
chrX	47201476	47201609	exon_8
chrX	47202144	47202264	exon_9
chrX	47202356	47202503	exon_10
chrX	47202636	47202813	exon_11
chrX	47202933	47203053	exon_12
chrX	47203115	47203235	exon_13
chrX	47203539	47203695	exon_14
chrX	47205946	47206112	exon_15
chrX	47206246	47206443	exon_16
chrX	47209582	47209702	exon_17
chrX	47209926	47210122	exon_18
chrX	47210813	47210933	exon_19
chrX	47211034	47211224	exon_20
chrX	47212398	47212518	exon_21
chrX	47212755	47212875	exon_22
chrX	47212988	47213180	exon_23
chrX	47214322	47214442	exon_24
chrX	47214529	47214649	exon_25
chrX	47214792	47215127	exon_26
chrX	48786589	48786709	exon_1
chrX	48791089	48791328	exon_2
chrX	48791842	48792220	exon_3
chrX	48792321	48792467	exon_4
chrX	48793173	48793293	exon_5
chrX	48793791	48794310	exon_6
chrX	53374147	53380185	exon_25
chrX	53380613	53380733	exon_24
chrX	53381000	53381120	exon_23
chrX	53382230	53382382	exon_22
chrX	53382504	53382659	exon_21
chrX	53383095	53383252	exon_20
chrX	53394771	53394891	exon_19
chrX	53396225	53396379	exon_18
chrX	53396470	53396616	exon_17
chrX	53399587	53399729	exon_16
chrX	53403557	53403677	exon_15
chrX	53403773	53403893	exon_14
chrX	53405010	53405148	exon_13
chrX	53405243	53405390	exon_12
chrX	53405491	53405671	exon_11
chrX	53405769	53405955	exon_10
chrX	53409060	53409268	exon_9
chrX	53409388	53409508	exon_8
chrX	53411759	53411900	exon_7
chrX	53411993	53412252	exon_6
chrX	53412898	53413137	exon_5
chrX	53413230	53413434	exon_4
chrX	53414752	53414872	exon_3
chrX	53414979	53415168	exon_2
chrX	53422490	53422653	exon_1
chrX	55009053	55009342	exon_11
chrX	55013484	55013647	exon_10
chrX	55014745	55015014	exon_9
chrX	55015576	55015741	exon_8
chrX	55017484	55017664	exon_7
chrX	55020318	55020503	exon_6
chrX	55021050	55021273	exon_5
chrX	55023750	55023870	exon_4
chrX	55024717	55024837	exon_3
chrX	55025818	55026014	exon_2
chrX	55030902	55031022	exon_1
chrX	101349448	101349955	exon_19
chrX	101353192	101353350	exon_18
chrX	101353867	101353987	exon_17
chrX	101354616	101354736	exon_16
chrX	101356050	101356267	exon_15
chrX	101356782	101356954	exon_14
chrX	101357466	101357586	exon_13
chrX	101358312	101358432	exon_12
chrX	101358587	101358707	exon_11
chrX	101359253	101359373	exon_10
chrX	101360085	101360205	exon_9
chrX	101360566	101360754	exon_8
chrX	101362152	101362272	exon_7
chrX	101362563	101362683	exon_6
chrX	101369994	101370114	exon_5
chrX	101371589	101371709	exon_4
chrX	101374522	101374642	exon_3
chrX	101375142	101375313	exon_2
chrX	101386065	101386185	exon_1
chrX	123961720	123961855	exon_1
chrX	124021365	124021485	exon_2
chrX	124022529	124022670	exon_3
chrX	124025807	124025927	exon_4
chrX	124030959	124031124	exon_5
chrX	124037513	124037633	exon_6
chrX	124042545	124042665	exon_7
chrX	124045162	124045367	exon_8
chrX	124047352	124047504	exon_9
chrX	124048972	124049092	exon_10
chrX	124050186	124050306	exon_11
chrX	124051115	124051235	exon_12
chrX	124051303	124051423	exon_13
chrX	124056120	124056240	exon_14
chrX	124057860	124057980	exon_15
chrX	124061221	124061341	exon_16
chrX	124061769	124061889	exon_17
chrX	124062887	124063007	exon_18
chrX	124063094	124063214	exon_19
chrX	124063846	124064050	exon_20
chrX	124065867	124065987	exon_21
chrX	124066167	124066287	exon_22
chrX	124066335	124066455	exon_23
chrX	124068557	124068677	exon_24
chrX	124071147	124071322	exon_25
chrX	124076330	124076470	exon_26
chrX	124077955	124078075	exon_27
chrX	124081378	124081527	exon_28
chrX	124083423	124083543	exon_29
chrX	124086545	124086769	exon_30
chrX	124090573	124090763	exon_31
chrX	124090847	124090967	exon_32
chrX	124094019	124094139	exon_33
chrX	124095356	124095476	exon_34
chrX	124100572	124102655	exon_35
chrX	129982637	129982757	exon_1
chrX	130005191	130005311	exon_2
chrX	130012568	130012688	exon_3
chrX	130012948	130016212	exon_4
chrX	130020983	130021149	exon_5
chrX	130022876	130022996	exon_6
chrX	130024988	130025378	exon_7
chrX	130028633	130028860	exon_8
chrX	130034453	130034675	exon_9
chrX	130037365	130037532	exon_10
chrX	130039135	130039281	exon_11
chrX	130050694	130050814	exon_12
chrX	130051858	130052015	exon_13
chrX	130055852	130058070	exon_14
chrX	134373310	134373466	exon_1
chrX	134377570	134377754	exon_2
chrX	134378003	134378123	exon_3
chrX	134393499	134393633	exon_4
chrX	134393906	134394026	exon_5
chrX	134413489	134413656	exon_6
chrX	134413821	134413965	exon_7
chrX	134415006	134415126	exon_8
chrX	134417167	134417301	exon_9
chrX	134425204	134425324	exon_10
chrX	134425659	134428789	exon_11
