CNV.ID	Sample	Correlation	N.comp	Start.b	End.b	CNV.type	N.exons	Start	End	Chromosome	Genomic.ID	BF	Reads.expected	Reads.observed	Reads.ratio	Gene	exon_names	exon_min_depth_mq20	exon_flags	variants_in_call	decision	reportable
1	Male11-TwistMy.final	0.999016379384702	12	730	730	duplication	1	535415	535591	11	chr11:535415-535591	4.34	162	229	1.41	HRAS	HRAS_exon_1	148.4	-	chr11:535463 G>A VAF 52.0	BELOW_BF	no
2	Male11-TwistMy.final	0.999016379384702	12	915	919	duplication	5	25205245	25250928	12	chr12:25205245-25250928	84.9	15354	22322	1.45	KRAS	KRAS_exon_5;KRAS_exon_4;KRAS_exon_3;KRAS_exon_2;KRAS_exon_1	707.8	-	chr12:25205716 A>T VAF 100.0;chr12:25205894 T>G VAF 100.0;chr12:25206009 T>C VAF 100.0;chr12:25206035 T>G VAF 99.6;chr12:25206418 G>A VAF 100.0;chr12:25206907 T>C VAF 100.0;chr12:25207204 T>C VAF 100.0;chr12:25208157 T>C VAF 100.0;chr12:25208167 T>TA VAF 74.0;chr12:25209283 A>G VAF 100.0;chr12:25209531 G>A VAF 100.0;chr12:25209618 A>C VAF 100.0	PASS	yes
3	Male12-TwistMy.final	0.999470393464898	5	676	676	deletion	1	27060509	27060628	10	chr10:27060509-27060628	11.6	240	127	0.529	ANKRD26	ANKRD26_exon_14	317.3	-	-	BELOW_BF	no
4	Male12-TwistMy.final	0.999470393464898	5	684	684	deletion	1	27082719	27082838	10	chr10:27082719-27082838	5.68	252	163	0.647	ANKRD26	ANKRD26_exon_6	455.6	-	-	BELOW_BF	no
5	Male12-TwistMy.final	0.999470393464898	5	779	779	deletion	1	102336698	102336817	11	chr11:102336698-102336817	7.13	182	106	0.582	BIRC3	BIRC3_exon_8	219.0	-	-	BELOW_BF	no
6	Male12-TwistMy.final	0.999470393464898	5	1265	1265	deletion	1	31940407	31940526	17	chr17:31940407-31940526	10.6	253	140	0.553	SUZ12	SUZ12_exon_3	455.9	PARALOG_LIMITED	-	BELOW_BF	no
7	Male12-TwistMy.final	0.999470393464898	5	1268	1268	deletion	1	31973129	31973248	17	chr17:31973129-31973248	4.48	256	172	0.672	SUZ12	SUZ12_exon_6	414.1	PARALOG_LIMITED	-	BELOW_BF	no
8	Male12-TwistMy.final	0.999470393464898	5	1526	1526	deletion	1	38498359	38498478	21	chr21:38498359-38498478	5.66	253	164	0.648	ERG	ERG_exon_1	412.9	-	chr21:38498386 G>A VAF 100.0	BELOW_BF	no
9	Male13-TwistMy.final	0.999875102903366	9	493	493	deletion	1	2954157	2954276	8	chr8:2954157-2954276	4.93	435	304	0.699	CSMD1	CSMD1_exon_65	576.6	-	chr8:2954186 T>C VAF 100.0	BELOW_BF	no
10	Male15-TwistMy.final	0.999372442062631	7	1266	1266	duplication	1	31947575	31947694	17	chr17:31947575-31947694	3.03	167	225	1.35	SUZ12	SUZ12_exon_4	245.6	-	-	BELOW_BF	no
11	Male15-TwistMy.final	0.999372442062631	7	1728	1728	duplication	1	124048973	124049092	X	chrX:124048973-124049092	3.46	125	176	1.41	STAG2	STAG2_exon_10	192.2	-	-	BELOW_BF	no
12	Male17-TwistMy.final	0.999850048382769	8	779	779	duplication	1	102336698	102336817	11	chr11:102336698-102336817	5.78	431	550	1.28	BIRC3	BIRC3_exon_8	219.0	-	-	BELOW_BF	no
13	Male19-TwistMy.final	0.999796085416437	9	12	12	duplication	1	1890819	1891086	1	chr1:1890819-1891086	2.3	520	651	1.25	GNB1	GNB1_exon_1	247.7	-	-	BELOW_BF	no
14	Male19-TwistMy.final	0.999796085416437	9	730	730	duplication	1	535415	535591	11	chr11:535415-535591	2.88	242	314	1.3	HRAS	HRAS_exon_1	148.4	-	-	BELOW_BF	no
15	Male1-TwistMy.final	0.99974025428071	4	730	730	deletion	1	535415	535591	11	chr11:535415-535591	13.8	242	128	0.529	HRAS	HRAS_exon_1	148.4	-	-	LOW_POWER_EXON	no
16	Male22-TwistMy.final	0.999615009538242	12	779	779	duplication	1	102336698	102336817	11	chr11:102336698-102336817	8.46	431	587	1.36	BIRC3	BIRC3_exon_8	219.0	-	-	BELOW_BF	no
17	Male22-TwistMy.final	0.999615009538242	12	1266	1266	duplication	1	31947575	31947694	17	chr17:31947575-31947694	5.04	313	415	1.33	SUZ12	SUZ12_exon_4	245.6	-	-	BELOW_BF	no
18	Male22-TwistMy.final	0.999615009538242	12	1728	1728	duplication	1	124048973	124049092	X	chrX:124048973-124049092	3.33	243	317	1.3	STAG2	STAG2_exon_10	192.2	-	-	BELOW_BF	no
19	Male23-TwistMy.final	0.999806073076815	5	664	664	deletion	1	27028829	27028948	10	chr10:27028829-27028948	12.6	715	481	0.673	ANKRD26	ANKRD26_exon_27	690.6	-	chr10:27028849 T>C VAF 99.9;chr10:27028911 C>T VAF 99.7	PROBE_VARIANT	no
20	Male2-TwistMy.final	0.99903456189831	3	1266	1266	deletion	1	31947575	31947694	17	chr17:31947575-31947694	5.09	288	197	0.684	SUZ12	SUZ12_exon_4	245.6	-	-	BELOW_BF	no
21	Male2-TwistMy.final	0.99903456189831	3	1728	1728	deletion	1	124048973	124049092	X	chrX:124048973-124049092	3.94	245	172	0.702	STAG2	STAG2_exon_10	192.2	-	-	BELOW_BF	no
22	Male4-TwistMy.final	0.999781072817196	7	127	127	deletion	1	25341806	25341925	2	chr2:25341806-25341925	4.15	128	79	0.617	DNMT3A	DNMT3A_exon_1	119.1	-	-	BELOW_BF	no
23	Male4-TwistMy.final	0.999781072817196	7	730	730	deletion	1	535415	535591	11	chr11:535415-535591	8.49	216	123	0.569	HRAS	HRAS_exon_1	148.4	-	-	BELOW_BF	no
24	Male4-TwistMy.final	0.999781072817196	7	1297	1297	deletion	1	42276247	42276390	17	chr17:42276247-42276390	4.46	344	235	0.683	STAT5B	STAT5B_exon_1	298.7	-	-	BELOW_BF	no
25	Male4-TwistMy.final	0.999781072817196	7	1459	1459	deletion	1	15200787	15200994	19	chr19:15200787-15200994	4.42	643	457	0.711	NOTCH3	NOTCH3_exon_1	342.4	-	-	BELOW_BF	no
26	Male6-TwistMy.final	0.999846820719242	4	127	127	duplication	1	25341806	25341925	2	chr2:25341806-25341925	4.87	326	409	1.25	DNMT3A	DNMT3A_exon_1	119.1	-	-	BELOW_BF	no
27	Male8-TwistMy.final	0.999443730452317	8	1266	1266	deletion	1	31947575	31947694	17	chr17:31947575-31947694	8.82	340	217	0.638	SUZ12	SUZ12_exon_4	245.6	-	-	BELOW_BF	no
28	Male8-TwistMy.final	0.999443730452317	8	1728	1728	deletion	1	124048973	124049092	X	chrX:124048973-124049092	4.64	259	176	0.68	STAG2	STAG2_exon_10	192.2	-	-	BELOW_BF	no
29	Male9-TwistMy.final	0.999773247531305	6	1526	1526	duplication	1	38498359	38498478	21	chr21:38498359-38498478	5.95	242	334	1.38	ERG	ERG_exon_1	412.9	-	chr21:38498386 G>A VAF 34.5	BELOW_BF	no
30	Female16-TwistMy.final	0.970274523525122	3	138	139	deletion	2	25835532	25845577	2	chr2:25835532-25845577	2.95	814	278	0.342	ASXL2	ASXL2_exon_3;ASXL2_exon_2	401.5	-	-	BELOW_BF	no
31	Female16-TwistMy.final	0.970274523525122	3	234	234	deletion	1	105737154	105737273	3	chr3:105737154-105737273	3.05	448	57	0.127	CBLB	CBLB_exon_8	555.8	-	-	BELOW_BF	no
32	Female16-TwistMy.final	0.970274523525122	3	299	301	deletion	3	163140222	163148445	4	chr4:163140222-163148445	7.93	1720	272	0.158	NAF1	NAF1_exon_5;NAF1_exon_4;NAF1_exon_3	511.4	-	-	BELOW_BF	no
33	Female16-TwistMy.final	0.970274523525122	3	325	328	deletion	4	149509878	149520394	5	chr5:149509878-149520394	5.77	3305	2178	0.659	CSNK1A1	CSNK1A1_exon_7;CSNK1A1_exon_6;CSNK1A1_exon_5;CSNK1A1_exon_4	648.9	-	-	BELOW_BF	no
34	Female16-TwistMy.final	0.970274523525122	3	361	363	deletion	3	171405299	171410899	5	chr5:171405299-171410899	3.38	2441	1337	0.548	NPM1	NPM1_exon_9;NPM1_exon_10;NPM1_exon_11	493.5	-	-	BELOW_BF	no
35	Female16-TwistMy.final	0.970274523525122	3	391	394	deletion	4	99558486	99562953	6	chr6:99558486-99562953	11.2	2645	442	0.167	CCNC	CCNC_exon_5;CCNC_exon_4;CCNC_exon_3;CCNC_exon_2	715.0	-	-	BELOW_BF	no
36	Female16-TwistMy.final	0.970274523525122	3	422	422	deletion	1	93117860	93117979	7	chr7:93117860-93117979	3.16	667	82	0.123	SAMD9	SAMD9_exon_1	780.4	-	-	BELOW_BF	no
37	Female16-TwistMy.final	0.970274523525122	3	462	462	deletion	1	139412514	139412633	7	chr7:139412514-139412633	3.19	441	52	0.118	LUC7L2	LUC7L2_exon_8	557.7	-	-	BELOW_BF	no
38	Female16-TwistMy.final	0.970274523525122	3	493	493	deletion	1	2954157	2954276	8	chr8:2954157-2954276	2.83	528	76	0.144	CSMD1	CSMD1_exon_65	576.6	-	-	BELOW_BF	no
39	Female16-TwistMy.final	0.970274523525122	3	659	663	deletion	5	27004115	27017791	10	chr10:27004115-27017791	4.82	13449	6529	0.485	ANKRD26	ANKRD26_exon_34;ANKRD26_exon_33;ANKRD26_exon_32;ANKRD26_exon_31;ANKRD26_exon_30	466.7	-	-	BELOW_BF	no
40	Female16-TwistMy.final	0.970274523525122	3	679	680	deletion	2	27066465	27067280	10	chr10:27066465-27067280	5.53	1202	184	0.153	ANKRD26	ANKRD26_exon_11;ANKRD26_exon_10	684.8	-	-	BELOW_BF	no
41	Female16-TwistMy.final	0.970274523525122	3	689	690	deletion	2	87894006	87931152	10	chr10:87894006-87931152	5.89	1162	159	0.137	PTEN	PTEN_exon_2;PTEN_exon_3;PTEN_exon_4	153.9	-	-	BELOW_BF	no
42	Female16-TwistMy.final	0.970274523525122	3	697	698	deletion	2	110568901	110573800	10	chr10:110568901-110573800	3.96	1123	255	0.227	SMC3	SMC3_exon_2;SMC3_exon_3	618.0	-	-	BELOW_BF	no
43	Female16-TwistMy.final	0.970274523525122	3	709	709	deletion	1	110589599	110589718	10	chr10:110589599-110589718	3.17	680	83	0.122	SMC3	SMC3_exon_14	757.6	-	-	BELOW_BF	no
44	Female16-TwistMy.final	0.970274523525122	3	717	717	deletion	1	110600432	110600551	10	chr10:110600432-110600551	2.8	624	92	0.147	SMC3	SMC3_exon_22	713.0	-	-	BELOW_BF	no
45	Female16-TwistMy.final	0.970274523525122	3	767	768	deletion	2	86266082	86268567	11	chr11:86266082-86268567	3.26	1262	433	0.343	EED	EED_exon_8;EED_exon_9	566.8	-	-	BELOW_BF	no
46	Female16-TwistMy.final	0.970274523525122	3	788	789	deletion	2	108246963	108249101	11	chr11:108246963-108249101	3.03	2023	843	0.417	ATM	ATM_exon_8;ATM_exon_9	710.3	-	-	BELOW_BF	no
47	Female16-TwistMy.final	0.970274523525122	3	809	811	deletion	3	108289601	108293476	11	chr11:108289601-108293476	5.5	3598	1755	0.488	ATM	ATM_exon_29;ATM_exon_30;ATM_exon_31	933.5	-	-	BELOW_BF	no
48	Female16-TwistMy.final	0.970274523525122	3	820	824	deletion	5	108312394	108320064	11	chr11:108312394-108320064	4.84	5565	4034	0.725	ATM	ATM_exon_40;ATM_exon_41;ATM_exon_42;ATM_exon_43;ATM_exon_44	641.2	-	-	BELOW_BF	no
49	Female16-TwistMy.final	0.970274523525122	3	839	839	deletion	1	108347252	108347371	11	chr11:108347252-108347371	3.14	547	67	0.122	ATM	ATM_exon_59	592.2	-	-	BELOW_BF	no
50	Female16-TwistMy.final	0.970274523525122	3	911	911	deletion	1	22671253	22671372	12	chr12:22671253-22671372	2.71	405	61	0.151	ETNK1	ETNK1_exon_5	531.3	-	-	BELOW_BF	no
51	Female16-TwistMy.final	0.970274523525122	3	1206	1211	deletion	6	31155982	31181797	17	chr17:31155982-31181797	7.42	5761	3801	0.66	NF1	NF1_exon_2;NF1_exon_3;NF1_exon_4;NF1_exon_5;NF1_exon_6;NF1_exon_7	605.0	-	-	BELOW_BF	no
52	Female16-TwistMy.final	0.970274523525122	3	1264	1267	deletion	4	31940218	31966265	17	chr17:31940218-31966265	6.63	1839	550	0.299	SUZ12	SUZ12_exon_2;SUZ12_exon_3;SUZ12_exon_4;SUZ12_exon_5	245.6	PARALOG_LIMITED	-	BELOW_BF	no
53	Female16-TwistMy.final	0.970274523525122	3	1346	1348	deletion	3	58703195	58720828	17	chr17:58703195-58720828	3.31	3024	1820	0.602	RAD51C	RAD51C_exon_4;RAD51C_exon_5;RAD51C_exon_6	898.0	-	-	BELOW_BF	no
54	Female16-TwistMy.final	0.970274523525122	3	1514	1514	deletion	1	34892907	34893026	21	chr21:34892907-34893026	2.57	517	85	0.164	RUNX1	RUNX1_exon_3	722.6	-	-	BELOW_BF	no
55	Female16-TwistMy.final	0.970274523525122	3	1559	1569	duplication	42	15790440	41347450	X	chrX:15790440-41347450	21.4	66952	105680	1.58	ZRSR2	ZRSR2_exon_1;ZRSR2_exon_2;ZRSR2_exon_3;ZRSR2_exon_4;ZRSR2_exon_5;ZRSR2_exon_6;ZRSR2_exon_7;ZRSR2_exon_8;ZRSR2_exon_9;ZRSR2_exon_10;ZRSR2_exon_11;BCOR_exon_15;BCOR_exon_14;BCOR_exon_13;BCOR_exon_12;BCOR_exon_11;BCOR_exon_10;BCOR_exon_9;BCOR_exon_8;BCOR_exon_7;BCOR_exon_6;BCOR_exon_5;BCOR_exon_4;BCOR_exon_3;BCOR_exon_2;BCOR_exon_1;DDX3X_exon_1;DDX3X_exon_2;DDX3X_exon_3;DDX3X_exon_4;DDX3X_exon_5;DDX3X_exon_6;DDX3X_exon_7;DDX3X_exon_8;DDX3X_exon_9;DDX3X_exon_10;DDX3X_exon_11;DDX3X_exon_12;DDX3X_exon_13;DDX3X_exon_14;DDX3X_exon_15;DDX3X_exon_16	282.7	-	-	PASS	yes
55	Female16-TwistMy.final	0.970274523525122	3	1570	1584	duplication	42	15790440	41347450	X	chrX:15790440-41347450	21.4	66952	105680	1.58	BCOR	ZRSR2_exon_1;ZRSR2_exon_2;ZRSR2_exon_3;ZRSR2_exon_4;ZRSR2_exon_5;ZRSR2_exon_6;ZRSR2_exon_7;ZRSR2_exon_8;ZRSR2_exon_9;ZRSR2_exon_10;ZRSR2_exon_11;BCOR_exon_15;BCOR_exon_14;BCOR_exon_13;BCOR_exon_12;BCOR_exon_11;BCOR_exon_10;BCOR_exon_9;BCOR_exon_8;BCOR_exon_7;BCOR_exon_6;BCOR_exon_5;BCOR_exon_4;BCOR_exon_3;BCOR_exon_2;BCOR_exon_1;DDX3X_exon_1;DDX3X_exon_2;DDX3X_exon_3;DDX3X_exon_4;DDX3X_exon_5;DDX3X_exon_6;DDX3X_exon_7;DDX3X_exon_8;DDX3X_exon_9;DDX3X_exon_10;DDX3X_exon_11;DDX3X_exon_12;DDX3X_exon_13;DDX3X_exon_14;DDX3X_exon_15;DDX3X_exon_16	282.7	-	-	PASS	yes
55	Female16-TwistMy.final	0.970274523525122	3	1585	1600	duplication	42	15790440	41347450	X	chrX:15790440-41347450	21.4	66952	105680	1.58	DDX3X	ZRSR2_exon_1;ZRSR2_exon_2;ZRSR2_exon_3;ZRSR2_exon_4;ZRSR2_exon_5;ZRSR2_exon_6;ZRSR2_exon_7;ZRSR2_exon_8;ZRSR2_exon_9;ZRSR2_exon_10;ZRSR2_exon_11;BCOR_exon_15;BCOR_exon_14;BCOR_exon_13;BCOR_exon_12;BCOR_exon_11;BCOR_exon_10;BCOR_exon_9;BCOR_exon_8;BCOR_exon_7;BCOR_exon_6;BCOR_exon_5;BCOR_exon_4;BCOR_exon_3;BCOR_exon_2;BCOR_exon_1;DDX3X_exon_1;DDX3X_exon_2;DDX3X_exon_3;DDX3X_exon_4;DDX3X_exon_5;DDX3X_exon_6;DDX3X_exon_7;DDX3X_exon_8;DDX3X_exon_9;DDX3X_exon_10;DDX3X_exon_11;DDX3X_exon_12;DDX3X_exon_13;DDX3X_exon_14;DDX3X_exon_15;DDX3X_exon_16	282.7	-	-	PASS	yes
56	Female16-TwistMy.final	0.970274523525122	3	1613	1622	duplication	10	45059246	45079350	X	chrX:45059246-45079350	5.64	15652	25128	1.61	KDM6A	KDM6A_exon_12;KDM6A_exon_13;KDM6A_exon_14;KDM6A_exon_15;KDM6A_exon_16;KDM6A_exon_17;KDM6A_exon_18;KDM6A_exon_19;KDM6A_exon_20;KDM6A_exon_21	412.8	-	-	BELOW_BF	no
57	Female16-TwistMy.final	0.970274523525122	3	1632	1657	duplication	26	47193828	47215127	X	chrX:47193828-47215127	14.3	33985	53303	1.57	UBA1	UBA1_exon_1;UBA1_exon_2;UBA1_exon_3;UBA1_exon_4;UBA1_exon_5;UBA1_exon_6;UBA1_exon_7;UBA1_exon_8;UBA1_exon_9;UBA1_exon_10;UBA1_exon_11;UBA1_exon_12;UBA1_exon_13;UBA1_exon_14;UBA1_exon_15;UBA1_exon_16;UBA1_exon_17;UBA1_exon_18;UBA1_exon_19;UBA1_exon_20;UBA1_exon_21;UBA1_exon_22;UBA1_exon_23;UBA1_exon_24;UBA1_exon_25;UBA1_exon_26	499.1	-	-	PASS	yes
58	Female16-TwistMy.final	0.970274523525122	3	1664	1718	duplication	55	53374148	101386185	X	chrX:53374148-101386185	29.9	101372	156895	1.55	SMC1A, ALAS2, BTK	SMC1A_exon_25;SMC1A_exon_24;SMC1A_exon_23;SMC1A_exon_22;SMC1A_exon_21;SMC1A_exon_20;SMC1A_exon_19;SMC1A_exon_18;SMC1A_exon_17;SMC1A_exon_16;SMC1A_exon_15;SMC1A_exon_14;SMC1A_exon_13;SMC1A_exon_12;SMC1A_exon_11;SMC1A_exon_10;SMC1A_exon_9;SMC1A_exon_8;SMC1A_exon_7;SMC1A_exon_6;SMC1A_exon_5;SMC1A_exon_4;SMC1A_exon_3;SMC1A_exon_2;SMC1A_exon_1;ALAS2_exon_11;ALAS2_exon_10;ALAS2_exon_9;ALAS2_exon_8;ALAS2_exon_7;ALAS2_exon_6;ALAS2_exon_5;ALAS2_exon_4;ALAS2_exon_3;ALAS2_exon_2;ALAS2_exon_1;BTK_exon_19;BTK_exon_18;BTK_exon_17;BTK_exon_16;BTK_exon_15;BTK_exon_14;BTK_exon_13;BTK_exon_12;BTK_exon_11;BTK_exon_10;BTK_exon_9;BTK_exon_8;BTK_exon_7;BTK_exon_6;BTK_exon_5;BTK_exon_4;BTK_exon_3;BTK_exon_2;BTK_exon_1	305.3	-	-	PASS	yes
59	Female16-TwistMy.final	0.970274523525122	3	1754	1767	duplication	14	129982638	130058070	X	chrX:129982638-130058070	8.48	44819	72623	1.62	BCORL1	BCORL1_exon_1;BCORL1_exon_2;BCORL1_exon_3;BCORL1_exon_4;BCORL1_exon_5;BCORL1_exon_6;BCORL1_exon_7;BCORL1_exon_8;BCORL1_exon_9;BCORL1_exon_10;BCORL1_exon_11;BCORL1_exon_12;BCORL1_exon_13;BCORL1_exon_14	407.1	-	-	BELOW_BF	no
